X,Y,Z,U,V,P
0.000000,0.000000,0.000000,0.000000,0.000000,0.040988
0.000000,0.000250,0.000000,0.000000,0.000000,0.041012
0.000000,0.000500,0.000000,0.000000,0.000000,0.041135
0.000000,0.000750,0.000000,0.000000,0.000000,0.041403
0.000000,0.001000,0.000000,0.000000,0.000000,0.041799
0.000000,0.001250,0.000000,0.000000,0.000000,0.042285
0.000000,0.001500,0.000000,0.000000,0.000000,0.042793
0.000000,0.001750,0.000000,0.000000,0.000000,0.043224
0.000000,0.002000,0.000000,0.000000,0.000000,0.043456
0.000000,0.002250,0.000000,0.000000,0.000000,0.043354
0.000000,0.002500,0.000000,0.000000,0.000000,0.042797
0.000000,0.002750,0.000000,0.000000,0.000000,0.041701
0.000000,0.003000,0.000000,0.000000,0.000000,0.040033
0.000000,0.003250,0.000000,0.000000,0.000000,0.037819
0.000000,0.003500,0.000000,0.000000,0.000000,0.035136
0.000000,0.003750,0.000000,0.000000,0.000000,0.032099
0.000000,0.004000,0.000000,0.000000,0.000000,0.028848
0.000000,0.004250,0.000000,0.000000,0.000000,0.025531
0.000000,0.004500,0.000000,0.000000,0.000000,0.022288
0.000000,0.004750,0.000000,0.000000,0.000000,0.019241
0.000000,0.005000,0.000000,0.000000,0.000000,0.016491
0.000000,0.005250,0.000000,0.000000,0.000000,0.014108
0.000000,0.005500,0.000000,0.000000,0.000000,0.012135
0.000000,0.005750,0.000000,0.000000,0.000000,0.010589
0.000000,0.006000,0.000000,0.000000,0.000000,0.009463
0.000000,0.006250,0.000000,0.000000,0.000000,0.008728
0.000000,0.006500,0.000000,0.000000,0.000000,0.008345
0.000000,0.006750,0.000000,0.000000,0.000000,0.008262
0.000000,0.007000,0.000000,0.000000,0.000000,0.008421
0.000000,0.007250,0.000000,0.000000,0.000000,0.008765
0.000000,0.007500,0.000000,0.000000,0.000000,0.009237
0.000000,0.007750,0.000000,0.000000,0.000000,0.009783
0.000000,0.008000,0.000000,0.000000,0.000000,0.010354
0.000000,0.008250,0.000000,0.000000,0.000000,0.010896
0.000000,0.008500,0.000000,0.000000,0.000000,0.011333
0.000000,0.008750,0.000000,0.000000,0.000000,0.011504
0.000000,0.009000,0.000000,0.000000,0.000000,0.010984
0.000000,0.009250,0.000000,0.000000,0.000000,0.008559
0.000000,0.009500,0.000000,0.000000,0.000000,0.000943
0.000000,0.009750,0.000000,0.000000,0.000000,-0.018357
0.000000,0.010000,0.000000,1.460408,0.000000,-0.031958
0.000250,0.000000,0.000000,0.000000,0.000000,0.040962
0.000250,0.000250,0.000000,0.001248,-0.001251,0.040985
0.000250,0.000500,0.000000,0.001101,-0.002598,0.041100
0.000250,0.000750,0.000000,0.000308,-0.003170,0.041350
0.000250,0.001000,0.000000,-0.000990,-0.002285,0.041717
0.000250,0.001250,0.000000,-0.002684,0.000588,0.042168
0.000250,0.001500,0.000000,-0.004641,0.005825,0.042637
0.000250,0.001750,0.000000,-0.006682,0.013586,0.043029
0.000250,0.002000,0.000000,-0.008594,0.023778,0.043222
0.000250,0.002250,0.000000,-0.010165,0.036048,0.043084
0.000250,0.002500,0.000000,-0.011235,0.049839,0.042496
0.000250,0.002750,0.000000,-0.011717,0.064479,0.041374
0.000250,0.003000,0.000000,-0.011601,0.079274,0.039688
0.000250,0.003250,0.000000,-0.010938,0.093572,0.037463
0.000250,0.003500,0.000000,-0.009815,0.106817,0.034777
0.000250,0.003750,0.000000,-0.008338,0.118558,0.031744
0.000250,0.004000,0.000000,-0.006614,0.128459,0.028506
0.000250,0.004250,0.000000,-0.004744,0.136289,0.025207
0.000250,0.004500,0.000000,-0.002818,0.141914,0.021989
0.000250,0.004750,0.000000,-0.000915,0.145286,0.018973
0.000250,0.005000,0.000000,0.000899,0.146428,0.016257
0.000250,0.005250,0.000000,0.002567,0.145430,0.013914
0.000250,0.005500,0.000000,0.004043,0.142438,0.011983
0.000250,0.005750,0.000000,0.005288,0.137646,0.010482
0.000250,0.006000,0.000000,0.006276,0.131293,0.009401
0.000250,0.006250,0.000000,0.006987,0.123653,0.008712
0.000250,0.006500,0.000000,0.007410,0.115033,0.008373
0.000250,0.006750,0.000000,0.007543,0.105766,0.008330
0.000250,0.007000,0.000000,0.007390,0.096204,0.008525
0.000250,0.007250,0.000000,0.006958,0.086715,0.008897
0.000250,0.007500,0.000000,0.006242,0.077685,0.009390
0.000250,0.007750,0.000000,0.005215,0.069526,0.009949
0.000250,0.008000,0.000000,0.003786,0.062707,0.010524
0.000250,0.008250,0.000000,0.001737,0.057825,0.011063
0.000250,0.008500,0.000000,-0.001405,0.055746,0.011496
0.000250,0.008750,0.000000,-0.006566,0.057833,0.011686
0.000250,0.009000,0.000000,-0.015350,0.066280,0.011285
0.000250,0.009250,0.000000,-0.029455,0.084138,0.009359
0.000250,0.009500,0.000000,-0.042550,0.112686,0.003787
0.000250,0.009750,0.000000,0.054354,0.132571,-0.006884
0.000250,0.010000,0.000000,1.460408,0.000000,-0.013497
0.000500,0.000000,0.000000,0.000000,0.000000,0.040838
0.000500,0.000250,0.000000,0.002598,-0.001171,0.040862
0.000500,0.000500,0.000000,0.001918,-0.002102,0.040969
0.000500,0.000750,0.000000,-0.000313,-0.001734,0.041191
0.000500,0.001000,0.000000,-0.003758,0.000768,0.041514
0.000500,0.001250,0.000000,-0.008110,0.006030,0.041908
0.000500,0.001500,0.000000,-0.012998,0.014421,0.042312
0.000500,0.001750,0.000000,-0.017953,0.025991,0.042631
0.000500,0.002000,0.000000,-0.022462,0.040453,0.042743
0.000500,0.002250,0.000000,-0.026061,0.057232,0.042519
0.000500,0.002500,0.000000,-0.028432,0.075578,0.041842
0.000500,0.002750,0.000000,-0.029435,0.094684,0.040633
0.000500,0.003000,0.000000,-0.029093,0.113783,0.038868
0.000500,0.003250,0.000000,-0.027544,0.132195,0.036576
0.000500,0.003500,0.000000,-0.024986,0.149352,0.033839
0.000500,0.003750,0.000000,-0.021642,0.164800,0.030773
0.000500,0.004000,0.000000,-0.017731,0.178190,0.027521
0.000500,0.004250,0.000000,-0.013455,0.189271,0.024226
0.000500,0.004500,0.000000,-0.008997,0.197872,0.021029
0.000500,0.004750,0.000000,-0.004514,0.203897,0.018052
0.000500,0.005000,0.000000,-0.000144,0.207315,0.015391
0.000500,0.005250,0.000000,0.003990,0.208155,0.013117
0.000500,0.005500,0.000000,0.007784,0.206498,0.011270
0.000500,0.005750,0.000000,0.011145,0.202477,0.009865
0.000500,0.006000,0.000000,0.013993,0.196276,0.008892
0.000500,0.006250,0.000000,0.016259,0.188131,0.008320
0.000500,0.006500,0.000000,0.017887,0.178327,0.008103
0.000500,0.006750,0.000000,0.018829,0.167201,0.008184
0.000500,0.007000,0.000000,0.019051,0.155146,0.008503
0.000500,0.007250,0.000000,0.018519,0.142606,0.008995
0.000500,0.007500,0.000000,0.017190,0.130081,0.009601
0.000500,0.007750,0.000000,0.014979,0.118136,0.010267
0.000500,0.008000,0.000000,0.011700,0.107405,0.010947
0.000500,0.008250,0.000000,0.006961,0.098628,0.011600
0.000500,0.008500,0.000000,-0.000008,0.092679,0.012184
0.000500,0.008750,0.000000,-0.010534,0.090603,0.012625
0.000500,0.009000,0.000000,-0.026305,0.093499,0.012736
0.000500,0.009250,0.000000,-0.046406,0.101717,0.012037
0.000500,0.009500,0.000000,-0.048433,0.110686,0.009920
0.000500,0.009750,0.000000,0.112686,0.093290,0.009865
0.000500,0.010000,0.000000,1.460408,0.000000,0.011293
0.000750,0.000000,0.000000,0.000000,0.000000,0.040581
0.000750,0.000250,0.000000,0.003350,-0.000634,0.040613
0.000750,0.000500,0.000000,0.001664,-0.000534,0.040728
0.000750,0.000750,0.000000,-0.002562,0.001397,0.040940
0.000750,0.001000,0.000000,-0.008754,0.006026,0.041239
0.000750,0.001250,0.000000,-0.016336,0.013950,0.041592
0.000750,0.001500,0.000000,-0.024602,0.025416,0.041936
0.000750,0.001750,0.000000,-0.032715,0.040251,0.042171
0.000750,0.002000,0.000000,-0.039835,0.057908,0.042170
0.000750,0.002250,0.000000,-0.045290,0.077597,0.041805
0.000750,0.002500,0.000000,-0.048687,0.098458,0.040966
0.000750,0.002750,0.000000,-0.049922,0.119677,0.039585
0.000750,0.003000,0.000000,-0.049111,0.140551,0.037649
0.000750,0.003250,0.000000,-0.046507,0.160499,0.035200
0.000750,0.003500,0.000000,-0.042420,0.179055,0.032326
0.000750,0.003750,0.000000,-0.037177,0.195856,0.029151
0.000750,0.004000,0.000000,-0.031085,0.210624,0.025818
0.000750,0.004250,0.000000,-0.024425,0.223153,0.022473
0.000750,0.004500,0.000000,-0.017444,0.233298,0.019254
0.000750,0.004750,0.000000,-0.010358,0.240963,0.016283
0.000750,0.005000,0.000000,-0.003359,0.246098,0.013654
0.000750,0.005250,0.000000,0.003385,0.248690,0.011439
0.000750,0.005500,0.000000,0.009721,0.248767,0.009678
0.000750,0.005750,0.000000,0.015510,0.246392,0.008385
0.000750,0.006000,0.000000,0.020622,0.241667,0.007550
0.000750,0.006250,0.000000,0.024936,0.234737,0.007141
0.000750,0.006500,0.000000,0.028339,0.225796,0.007112
0.000750,0.006750,0.000000,0.030723,0.215092,0.007405
0.000750,0.007000,0.000000,0.031986,0.202934,0.007954
0.000750,0.007250,0.000000,0.032022,0.189698,0.008695
0.000750,0.007500,0.000000,0.030712,0.175836,0.009567
0.000750,0.007750,0.000000,0.027891,0.161875,0.010518
0.000750,0.008000,0.000000,0.023295,0.148419,0.011513
0.000750,0.008250,0.000000,0.016463,0.136124,0.012532
0.000750,0.008500,0.000000,0.006620,0.125647,0.013571
0.000750,0.008750,0.000000,-0.007386,0.117512,0.014626
0.000750,0.009000,0.000000,-0.026464,0.111829,0.015632
0.000750,0.009250,0.000000,-0.046642,0.107542,0.016355
0.000750,0.009500,0.000000,-0.034124,0.099515,0.016595
0.000750,0.009750,0.000000,0.165040,0.068492,0.019053
0.000750,0.010000,0.000000,1.460408,0.000000,0.021516
0.001000,0.000000,0.000000,0.000000,0.000000,0.040212
0.001000,0.000250,0.000000,0.003132,0.000112,0.040260
0.001000,0.000500,0.000000,-0.000112,0.001568,0.040399
0.001000,0.000750,0.000000,-0.006872,0.005431,0.040617
0.001000,0.001000,0.000000,-0.016311,0.012530,0.040900
0.001000,0.001250,0.000000,-0.027500,0.023350,0.041209
0.001000,0.001500,0.000000,-0.039299,0.037902,0.041469
0.001000,0.001750,0.000000,-0.050445,0.055699,0.041570
0.001000,0.002000,0.000000,-0.059807,0.075909,0.041383
0.001000,0.002250,0.000000,-0.066611,0.097581,0.040785
0.001000,0.002500,0.000000,-0.070512,0.119831,0.039682
0.001000,0.002750,0.000000,-0.071528,0.141923,0.038025
0.001000,0.003000,0.000000,-0.069915,0.163272,0.035820
0.001000,0.003250,0.000000,-0.066047,0.183429,0.033125
0.001000,0.003500,0.000000,-0.060343,0.202050,0.030040
0.001000,0.003750,0.000000,-0.053211,0.218876,0.026695
0.001000,0.004000,0.000000,-0.045028,0.233716,0.023235
0.001000,0.004250,0.000000,-0.036129,0.246430,0.019804
0.001000,0.004500,0.000000,-0.026806,0.256922,0.016539
0.001000,0.004750,0.000000,-0.017313,0.265128,0.013559
0.001000,0.005000,0.000000,-0.007872,0.271012,0.010957
0.001000,0.005250,0.000000,0.001320,0.274559,0.008802
0.001000,0.005500,0.000000,0.010082,0.275777,0.007136
0.001000,0.005750,0.000000,0.018246,0.274693,0.005972
0.001000,0.006000,0.000000,0.025648,0.271356,0.005303
0.001000,0.006250,0.000000,0.032130,0.265841,0.005099
0.001000,0.006500,0.000000,0.037531,0.258258,0.005314
0.001000,0.006750,0.000000,0.041692,0.248756,0.005891
0.001000,0.007000,0.000000,0.044445,0.237530,0.006767
0.001000,0.007250,0.000000,0.045617,0.224836,0.007876
0.001000,0.007500,0.000000,0.045013,0.210989,0.009162
0.001000,0.007750,0.000000,0.042395,0.196370,0.010577
0.001000,0.008000,0.000000,0.037451,0.181407,0.012094
0.001000,0.008250,0.000000,0.029733,0.166544,0.013709
0.001000,0.008500,0.000000,0.018604,0.152146,0.015443
0.001000,0.008750,0.000000,0.003284,0.138346,0.017322
0.001000,0.009000,0.000000,-0.016335,0.124804,0.019331
0.001000,0.009250,0.000000,-0.034092,0.110291,0.021316
0.001000,0.009500,0.000000,-0.009383,0.090924,0.023119
0.001000,0.009750,0.000000,0.212200,0.054837,0.026275
0.001000,0.010000,0.000000,1.460408,0.000000,0.028582
0.001250,0.000000,0.000000,0.000000,0.000000,0.039754
0.001250,0.000250,0.000000,0.001781,0.000926,0.039824
0.001250,0.000500,0.000000,-0.003655,0.003900,0.039999
0.001250,0.000750,0.000000,-0.013524,0.009924,0.040232
0.001250,0.001000,0.000000,-0.026673,0.019729,0.040498
0.001250,0.001250,0.000000,-0.041707,0.033578,0.040740
0.001250,0.001500,0.000000,-0.056951,0.051124,0.040868
0.001250,0.001750,0.000000,-0.070722,0.071508,0.040761
0.001250,0.002000,0.000000,-0.081717,0.093660,0.040293
0.001250,0.002250,0.000000,-0.089213,0.116576,0.039357
0.001250,0.002500,0.000000,-0.093030,0.139442,0.037881
0.001250,0.002750,0.000000,-0.093363,0.161651,0.035846
0.001250,0.003000,0.000000,-0.090617,0.182758,0.033281
0.001250,0.003250,0.000000,-0.085284,0.202438,0.030263
0.001250,0.003500,0.000000,-0.077867,0.220458,0.026904
0.001250,0.003750,0.000000,-0.068843,0.236647,0.023341
0.001250,0.004000,0.000000,-0.058640,0.250889,0.019719
0.001250,0.004250,0.000000,-0.047632,0.263102,0.016180
0.001250,0.004500,0.000000,-0.036142,0.273237,0.012858
0.001250,0.004750,0.000000,-0.024448,0.281264,0.009866
0.001250,0.005000,0.000000,-0.012790,0.287173,0.007296
0.001250,0.005250,0.000000,-0.001380,0.290963,0.005211
0.001250,0.005500,0.000000,0.009587,0.292644,0.003654
0.001250,0.005750,0.000000,0.019932,0.292232,0.002640
0.001250,0.006000,0.000000,0.029474,0.289754,0.002161
0.001250,0.006250,0.000000,0.038034,0.285247,0.002192
0.001250,0.006500,0.000000,0.045425,0.278765,0.002692
0.001250,0.006750,0.000000,0.051452,0.270380,0.003606
0.001250,0.007000,0.000000,0.055906,0.260197,0.004876
0.001250,0.007250,0.000000,0.058563,0.248350,0.006442
0.001250,0.007500,0.000000,0.059178,0.235016,0.008248
0.001250,0.007750,0.000000,0.057473,0.220403,0.010253
0.001250,0.008000,0.000000,0.053120,0.204741,0.012433
0.001250,0.008250,0.000000,0.045724,0.188236,0.014787
0.001250,0.008500,0.000000,0.034818,0.171001,0.017334
0.001250,0.008750,0.000000,0.019956,0.152932,0.020095
0.001250,0.009000,0.000000,0.001591,0.133569,0.023041
0.001250,0.009250,0.000000,-0.012762,0.111906,0.026017
0.001250,0.009500,0.000000,0.021330,0.085320,0.028818
0.001250,0.009750,0.000000,0.255964,0.046987,0.032205
0.001250,0.010000,0.000000,1.460408,0.000000,0.034257
0.001500,0.000000,0.000000,0.000000,0.000000,0.039218
0.001500,0.000250,0.000000,-0.000768,0.001757,0.039314
0.001500,0.000500,0.000000,-0.009110,0.006342,0.039532
0.001500,0.000750,0.000000,-0.022701,0.014679,0.039781
0.001500,0.001000,0.000000,-0.039966,0.027316,0.040013
0.001500,0.001250,0.000000,-0.058895,0.044145,0.040150
0.001500,0.001500,0.000000,-0.077229,0.064358,0.040078
0.001500,0.001750,0.000000,-0.092981,0.086752,0.039675
0.001500,0.002000,0.000000,-0.104875,0.110147,0.038826
0.001500,0.002250,0.000000,-0.112393,0.133604,0.037448
0.001500,0.002500,0.000000,-0.115587,0.156451,0.035502
0.001500,0.002750,0.000000,-0.114844,0.178229,0.033000
0.001500,0.003000,0.000000,-0.110702,0.198626,0.029999
0.001500,0.003250,0.000000,-0.103747,0.217426,0.026596
0.001500,0.003500,0.000000,-0.094552,0.234483,0.022916
0.001500,0.003750,0.000000,-0.083642,0.249700,0.019099
0.001500,0.004000,0.000000,-0.071483,0.263017,0.015292
0.001500,0.004250,0.000000,-0.058477,0.274401,0.011634
0.001500,0.004500,0.000000,-0.044969,0.283839,0.008252
0.001500,0.004750,0.000000,-0.031250,0.291329,0.005253
0.001500,0.005000,0.000000,-0.017570,0.296880,0.002722
0.001500,0.005250,0.000000,-0.004150,0.300503,0.000723
0.001500,0.005500,0.000000,0.008814,0.302213,-0.000709
0.001500,0.005750,0.000000,0.021135,0.302024,-0.001556
0.001500,0.006000,0.000000,0.032633,0.299954,-0.001823
0.001500,0.006250,0.000000,0.043119,0.296018,-0.001534
0.001500,0.006500,0.000000,0.052398,0.290237,-0.000725
0.001500,0.006750,0.000000,0.060260,0.282636,0.000557
0.001500,0.007000,0.000000,0.066475,0.273253,0.002259
0.001500,0.007250,0.000000,0.070798,0.262133,0.004323
0.001500,0.007500,0.000000,0.072960,0.249337,0.006701
0.001500,0.007750,0.000000,0.072671,0.234935,0.009350
0.001500,0.008000,0.000000,0.069618,0.218987,0.012245
0.001500,0.008250,0.000000,0.063472,0.201518,0.015374
0.001500,0.008500,0.000000,0.053908,0.182465,0.018735
0.001500,0.008750,0.000000,0.040716,0.161607,0.022315
0.001500,0.009000,0.000000,0.024692,0.138498,0.026044
0.001500,0.009250,0.000000,0.014158,0.112376,0.029736
0.001500,0.009500,0.000000,0.055536,0.081485,0.033143
0.001500,0.009750,0.000000,0.297520,0.042153,0.036596
0.001500,0.010000,0.000000,1.460408,0.000000,0.038447
0.001750,0.000000,0.000000,0.000000,0.000000,0.038608
0.001750,0.000250,0.000000,-0.004561,0.002611,0.038731
0.001750,0.000500,0.000000,-0.016578,0.008887,0.038991
0.001750,0.000750,0.000000,-0.034498,0.019634,0.039245
0.001750,0.001000,0.000000,-0.056139,0.035077,0.039415
0.001750,0.001250,0.000000,-0.078750,0.054593,0.039389
0.001750,0.001500,0.000000,-0.099558,0.076892,0.039041
0.001750,0.001750,0.000000,-0.116512,0.100564,0.038250
0.001750,0.002000,0.000000,-0.128568,0.124470,0.036925
0.001750,0.002250,0.000000,-0.135516,0.147826,0.035015
0.001750,0.002500,0.000000,-0.137655,0.170126,0.032520
0.001750,0.002750,0.000000,-0.135538,0.191052,0.029484
0.001750,0.003000,0.000000,-0.129814,0.210401,0.025993
0.001750,0.003250,0.000000,-0.121141,0.228045,0.022162
0.001750,0.003500,0.000000,-0.110141,0.243907,0.018129
0.001750,0.003750,0.000000,-0.097377,0.257949,0.014039
0.001750,0.004000,0.000000,-0.083341,0.270161,0.010035
0.001750,0.004250,0.000000,-0.068453,0.280547,0.006253
0.001750,0.004500,0.000000,-0.053070,0.289126,0.002813
0.001750,0.004750,0.000000,-0.037489,0.295918,-0.000186
0.001750,0.005000,0.000000,-0.021964,0.300943,-0.002664
0.001750,0.005250,0.000000,-0.006713,0.304219,-0.004567
0.001750,0.005500,0.000000,0.008066,0.305760,-0.005858
0.001750,0.005750,0.000000,0.022191,0.305574,-0.006523
0.001750,0.006000,0.000000,0.035480,0.303666,-0.006566
0.001750,0.006250,0.000000,0.047751,0.300036,-0.006007
0.001750,0.006500,0.000000,0.058806,0.294681,-0.004877
0.001750,0.006750,0.000000,0.068436,0.287594,-0.003219
0.001750,0.007000,0.000000,0.076409,0.278767,-0.001081
0.001750,0.007250,0.000000,0.082479,0.268185,0.001485
0.001750,0.007500,0.000000,0.086377,0.255831,0.004432
0.001750,0.007750,0.000000,0.087824,0.241675,0.007714
0.001750,0.008000,0.000000,0.086537,0.225666,0.011297
0.001750,0.008250,0.000000,0.082246,0.207711,0.015151
0.001750,0.008500,0.000000,0.074729,0.187650,0.019240
0.001750,0.008750,0.000000,0.063923,0.165220,0.023508
0.001750,0.009000,0.000000,0.050822,0.140036,0.027837
0.001750,0.009250,0.000000,0.044251,0.111520,0.032009
0.001750,0.009500,0.000000,0.091553,0.078423,0.035757
0.001750,0.009750,0.000000,0.337448,0.038905,0.039198
0.001750,0.010000,0.000000,1.460408,0.000000,0.040902
0.002000,0.000000,0.000000,0.000000,0.000000,0.037919
0.002000,0.000250,0.000000,-0.009655,0.003516,0.038069
0.002000,0.000500,0.000000,-0.026133,0.011564,0.038366
0.002000,0.000750,0.000000,-0.048892,0.024735,0.038603
0.002000,0.001000,0.000000,-0.074925,0.042766,0.038664
0.002000,0.001250,0.000000,-0.100709,0.064423,0.038409
0.002000,0.001500,0.000000,-0.123200,0.088055,0.037703
0.002000,0.001750,0.000000,-0.140560,0.112233,0.036440
0.002000,0.002000,0.000000,-0.152137,0.135979,0.034559
0.002000,0.002250,0.000000,-0.158049,0.158696,0.032050
0.002000,0.002500,0.000000,-0.158814,0.180034,0.028950
0.002000,0.002750,0.000000,-0.155119,0.199788,0.025337
0.002000,0.003000,0.000000,-0.147694,0.217838,0.021324
0.002000,0.003250,0.000000,-0.137253,0.234124,0.017045
0.002000,0.003500,0.000000,-0.124457,0.248624,0.012646
0.002000,0.003750,0.000000,-0.109896,0.261350,0.008275
0.002000,0.004000,0.000000,-0.094081,0.272334,0.004075
0.002000,0.004250,0.000000,-0.077442,0.281617,0.000174
0.002000,0.004500,0.000000,-0.060339,0.289246,-0.003316
0.002000,0.004750,0.000000,-0.043067,0.295260,-0.006306
0.002000,0.005000,0.000000,-0.025872,0.299691,-0.008723
0.002000,0.005250,0.000000,-0.008967,0.302557,-0.010519
0.002000,0.005500,0.000000,0.007459,0.303865,-0.011661
0.002000,0.005750,0.000000,0.023230,0.303612,-0.012139
0.002000,0.006000,0.000000,0.038171,0.301785,-0.011955
0.002000,0.006250,0.000000,0.052104,0.298365,-0.011127
0.002000,0.006500,0.000000,0.064840,0.293325,-0.009682
0.002000,0.006750,0.000000,0.076173,0.286630,-0.007660
0.002000,0.007000,0.000000,0.085884,0.278239,-0.005106
0.002000,0.007250,0.000000,0.093733,0.268098,-0.002067
0.002000,0.007500,0.000000,0.099470,0.256139,0.001405
0.002000,0.007750,0.000000,0.102836,0.242273,0.005261
0.002000,0.008000,0.000000,0.103582,0.226386,0.009452
0.002000,0.008250,0.000000,0.101489,0.208323,0.013924
0.002000,0.008500,0.000000,0.096399,0.187884,0.018609
0.002000,0.008750,0.000000,0.088330,0.164812,0.023407
0.002000,0.009000,0.000000,0.078391,0.138792,0.028157
0.002000,0.009250,0.000000,0.075770,0.109369,0.032618
0.002000,0.009500,0.000000,0.128151,0.075554,0.036528
0.002000,0.009750,0.000000,0.375943,0.036478,0.039913
0.002000,0.010000,0.000000,1.460408,0.000000,0.041513
0.002250,0.000000,0.000000,0.000000,0.000000,0.037149
0.002250,0.000250,0.000000,-0.016124,0.004490,0.037324
0.002250,0.000500,0.000000,-0.037797,0.014369,0.037643
0.002250,0.000750,0.000000,-0.065700,0.029855,0.037830
0.002250,0.001000,0.000000,-0.095827,0.050032,0.037727
0.002250,0.001250,0.000000,-0.124039,0.073106,0.037171
0.002250,0.001500,0.000000,-0.147369,0.097274,0.036031
0.002250,0.001750,0.000000,-0.164436,0.121252,0.034226
0.002250,0.002000,0.000000,-0.175031,0.144278,0.031732
0.002250,0.002250,0.000000,-0.179571,0.165937,0.028581
0.002250,0.002500,0.000000,-0.178747,0.185999,0.024846
0.002250,0.002750,0.000000,-0.173342,0.204344,0.020638
0.002250,0.003000,0.000000,-0.164149,0.220911,0.016094
0.002250,0.003250,0.000000,-0.151926,0.235690,0.011365
0.002250,0.003500,0.000000,-0.137367,0.248704,0.006605
0.002250,0.003750,0.000000,-0.121087,0.260010,0.001963
0.002250,0.004000,0.000000,-0.103608,0.269678,-0.002421
0.002250,0.004250,0.000000,-0.085366,0.277786,-0.006429
0.002250,0.004500,0.000000,-0.066713,0.284408,-0.009958
0.002250,0.004750,0.000000,-0.047934,0.289604,-0.012928
0.002250,0.005000,0.000000,-0.029260,0.293413,-0.015277
0.002250,0.005250,0.000000,-0.010888,0.295857,-0.016961
0.002250,0.005500,0.000000,0.007011,0.296932,-0.017956
0.002250,0.005750,0.000000,0.024270,0.296620,-0.018250
0.002250,0.006000,0.000000,0.040727,0.294886,-0.017848
0.002250,0.006250,0.000000,0.056212,0.291686,-0.016765
0.002250,0.006500,0.000000,0.070541,0.286967,-0.015029
0.002250,0.006750,0.000000,0.083521,0.280668,-0.012673
0.002250,0.007000,0.000000,0.094941,0.272718,-0.009743
0.002250,0.007250,0.000000,0.104579,0.263035,-0.006287
0.002250,0.007500,0.000000,0.112201,0.251520,-0.002359
0.002250,0.007750,0.000000,0.117577,0.238054,0.001982
0.002250,0.008000,0.000000,0.120487,0.222493,0.006671
0.002250,0.008250,0.000000,0.120748,0.204661,0.011631
0.002250,0.008500,0.000000,0.118240,0.184356,0.016764
0.002250,0.008750,0.000000,0.113016,0.161350,0.021931
0.002250,0.009000,0.000000,0.106264,0.135393,0.026943
0.002250,0.009250,0.000000,0.107489,0.106107,0.031545
0.002250,0.009500,0.000000,0.164444,0.072595,0.035497
0.002250,0.009750,0.000000,0.413002,0.034455,0.038805
0.002250,0.010000,0.000000,1.460408,0.000000,0.040326
0.002500,0.000000,0.000000,0.000000,0.000000,0.036299
0.002500,0.000250,0.000000,-0.024024,0.005532,0.036493
0.002500,0.000500,0.000000,-0.051497,0.017234,0.036816
0.002500,0.000750,0.000000,-0.084555,0.034757,0.036910
0.002500,0.001000,0.000000,-0.118176,0.056455,0.036582
0.002500,0.001250,0.000000,-0.147951,0.080152,0.035658
0.002500,0.001500,0.000000,-0.171345,0.104117,0.034021
0.002500,0.001750,0.000000,-0.187565,0.127308,0.031625
0.002500,0.002000,0.000000,-0.196822,0.149183,0.028486
0.002500,0.002250,0.000000,-0.199770,0.169469,0.024673
0.002500,0.002500,0.000000,-0.197222,0.188029,0.020297
0.002500,0.002750,0.000000,-0.190031,0.204794,0.015498
0.002500,0.003000,0.000000,-0.179039,0.219745,0.010436
0.002500,0.003250,0.000000,-0.165046,0.232909,0.005274
0.002500,0.003500,0.000000,-0.148777,0.244350,0.000173
0.002500,0.003750,0.000000,-0.130869,0.254161,-0.004716
0.002500,0.004000,0.000000,-0.111857,0.262455,-0.009263
0.002500,0.004250,0.000000,-0.092173,0.269344,-0.013357
0.002500,0.004500,0.000000,-0.072157,0.274931,-0.016909
0.002500,0.004750,0.000000,-0.052072,0.279294,-0.019848
0.002500,0.005000,0.000000,-0.032126,0.282485,-0.022123
0.002500,0.005250,0.000000,-0.012486,0.284523,-0.023697
0.002500,0.005500,0.000000,0.006696,0.285396,-0.024551
0.002500,0.005750,0.000000,0.025276,0.285069,-0.024677
0.002500,0.006000,0.000000,0.043104,0.283485,-0.024078
0.002500,0.006250,0.000000,0.060023,0.280571,-0.022770
0.002500,0.006500,0.000000,0.075858,0.276246,-0.020777
0.002500,0.006750,0.000000,0.090423,0.270421,-0.018135
0.002500,0.007000,0.000000,0.103517,0.262999,-0.014887
0.002500,0.007250,0.000000,0.114931,0.253875,-0.011085
0.002500,0.007500,0.000000,0.124450,0.242931,-0.006787
0.002500,0.007750,0.000000,0.131863,0.230035,-0.002064
0.002500,0.008000,0.000000,0.136975,0.215033,0.003004
0.002500,0.008250,0.000000,0.139625,0.197754,0.008318
0.002500,0.008500,0.000000,0.139710,0.178013,0.013753
0.002500,0.008750,0.000000,0.137294,0.155621,0.019146
0.002500,0.009000,0.000000,0.133634,0.130383,0.024285
0.002500,0.009250,0.000000,0.138568,0.101958,0.028917
0.002500,0.009500,0.000000,0.199804,0.069439,0.032832
0.002500,0.009750,0.000000,0.448538,0.032609,0.036050
0.002500,0.010000,0.000000,1.460408,0.000000,0.037510
0.002750,0.000000,0.000000,0.000000,0.000000,0.035380
0.002750,0.000250,0.000000,-0.033358,0.006613,0.035586
0.002750,0.000500,0.000000,-0.067022,0.020025,0.035885
0.002750,0.000750,0.000000,-0.104921,0.039132,0.035840
0.002750,0.001000,0.000000,-0.141221,0.061617,0.035228
0.002750,0.001250,0.000000,-0.171702,0.085178,0.033879
0.002750,0.001500,0.000000,-0.194525,0.108317,0.031703
0.002750,0.001750,0.000000,-0.209501,0.130265,0.028689
0.002750,0.002000,0.000000,-0.217192,0.150666,0.024894
0.002750,0.002250,0.000000,-0.218418,0.169357,0.020424
0.002750,0.002500,0.000000,-0.214072,0.186254,0.015422
0.002750,0.002750,0.000000,-0.205059,0.201322,0.010055
0.002750,0.003000,0.000000,-0.192265,0.214567,0.004502
0.002750,0.003250,0.000000,-0.176531,0.226046,-0.001059
0.002750,0.003500,0.000000,-0.158620,0.235858,-0.006464
0.002750,0.003750,0.000000,-0.139192,0.244135,-0.011567
0.002750,0.004000,0.000000,-0.118791,0.251029,-0.016245
0.002750,0.004250,0.000000,-0.097841,0.256687,-0.020399
0.002750,0.004500,0.000000,-0.076663,0.261239,-0.023953
0.002750,0.004750,0.000000,-0.055488,0.264785,-0.026850
0.002750,0.005000,0.000000,-0.034489,0.267385,-0.029047
0.002750,0.005250,0.000000,-0.013799,0.269057,-0.030518
0.002750,0.005500,0.000000,0.006464,0.269781,-0.031245
0.002750,0.005750,0.000000,0.026182,0.269503,-0.031225
0.002750,0.006000,0.000000,0.045226,0.268143,-0.030461
0.002750,0.006250,0.000000,0.063450,0.265603,-0.028967
0.002750,0.006500,0.000000,0.080691,0.261771,-0.026768
0.002750,0.006750,0.000000,0.096768,0.256533,-0.023897
0.002750,0.007000,0.000000,0.111487,0.249765,-0.020399
0.002750,0.007250,0.000000,0.124646,0.241345,-0.016330
0.002750,0.007500,0.000000,0.136041,0.231140,-0.011756
0.002750,0.007750,0.000000,0.145476,0.219013,-0.006756
0.002750,0.008000,0.000000,0.152768,0.204814,-0.001428
0.002750,0.008250,0.000000,0.157768,0.188388,0.004114
0.002750,0.008500,0.000000,0.160373,0.169576,0.009723
0.002750,0.008750,0.000000,0.160645,0.148228,0.015217
0.002750,0.009000,0.000000,0.159927,0.124194,0.020375
0.002750,0.009250,0.000000,0.168434,0.097133,0.024955
0.002750,0.009500,0.000000,0.233793,0.066068,0.028783
0.002750,0.009750,0.000000,0.482441,0.030827,0.031903
0.002750,0.010000,0.000000,1.460408,0.000000,0.033310
0.003000,0.000000,0.000000,0.000000,0.000000,0.034412
0.003000,0.000250,0.000000,-0.044049,0.007679,0.034620
0.003000,0.000500,0.000000,-0.084017,0.022556,0.034865
0.003000,0.000750,0.000000,-0.126147,0.042654,0.034634
0.003000,0.001000,0.000000,-0.164222,0.065176,0.033689
0.003000,0.001250,0.000000,-0.194652,0.087937,0.031877
0.003000,0.001500,0.000000,-0.216432,0.109755,0.029139
0.003000,0.001750,0.000000,-0.229913,0.130118,0.025503
0.003000,0.002000,0.000000,-0.235914,0.148818,0.021062
0.003000,0.002250,0.000000,-0.235358,0.165762,0.015955
0.003000,0.002500,0.000000,-0.229186,0.180892,0.010358
0.003000,0.002750,0.000000,-0.218344,0.194189,0.004462
0.003000,0.003000,0.000000,-0.203764,0.205678,-0.001537
0.003000,0.003250,0.000000,-0.186336,0.215437,-0.007452
0.003000,0.003500,0.000000,-0.166866,0.223602,-0.013116
0.003000,0.003750,0.000000,-0.146040,0.230342,-0.018389
0.003000,0.004000,0.000000,-0.124408,0.235847,-0.023160
0.003000,0.004250,0.000000,-0.102384,0.240300,-0.027344
0.003000,0.004500,0.000000,-0.080256,0.243858,-0.030879
0.003000,0.004750,0.000000,-0.058218,0.246635,-0.033721
0.003000,0.005000,0.000000,-0.036397,0.248699,-0.035841
0.003000,0.005250,0.000000,-0.014882,0.250067,-0.037217
0.003000,0.005500,0.000000,0.006250,0.250708,-0.037837
0.003000,0.005750,0.000000,0.026914,0.250551,-0.037700
0.003000,0.006000,0.000000,0.047005,0.249495,-0.036808
0.003000,0.006250,0.000000,0.066395,0.247417,-0.035176
0.003000,0.006500,0.000000,0.084928,0.244180,-0.032825
0.003000,0.006750,0.000000,0.102429,0.239642,-0.029790
0.003000,0.007000,0.000000,0.118705,0.233660,-0.026117
0.003000,0.007250,0.000000,0.133556,0.226093,-0.021864
0.003000,0.007500,0.000000,0.146782,0.216801,-0.017107
0.003000,0.007750,0.000000,0.158189,0.205644,-0.011933
0.003000,0.008000,0.000000,0.167600,0.192482,-0.006452
0.003000,0.008250,0.000000,0.174864,0.177177,-0.000796
0.003000,0.008500,0.000000,0.179870,0.159600,0.004877
0.003000,0.008750,0.000000,0.182675,0.139636,0.010372
0.003000,0.009000,0.000000,0.184730,0.117161,0.015467
0.003000,0.009250,0.000000,0.196694,0.091812,0.019934
0.003000,0.009500,0.000000,0.266110,0.062507,0.023640
0.003000,0.009750,0.000000,0.514606,0.029051,0.026656
0.003000,0.010000,0.000000,1.460408,0.000000,0.028017
0.003250,0.000000,0.000000,0.000000,0.000000,0.033431
0.003250,0.000250,0.000000,-0.055914,0.008661,0.033629
0.003250,0.000500,0.000000,-0.101998,0.024623,0.033787
0.003250,0.000750,0.000000,-0.147541,0.045039,0.033329
0.003250,0.001000,0.000000,-0.186504,0.066899,0.032017
0.003250,0.001250,0.000000,-0.216281,0.088310,0.029721
0.003250,0.001500,0.000000,-0.236706,0.108430,0.026419
0.003250,0.001750,0.000000,-0.248564,0.126964,0.022174
0.003250,0.002000,0.000000,-0.252836,0.143810,0.017112
0.003250,0.002250,0.000000,-0.250491,0.158910,0.011406
0.003250,0.002500,0.000000,-0.242499,0.172216,0.005257
0.003250,0.002750,0.000000,-0.229844,0.183711,-0.001120
0.003250,0.003000,0.000000,-0.213513,0.193430,-0.007512
0.003250,0.003250,0.000000,-0.194455,0.201477,-0.013726
0.003250,0.003500,0.000000,-0.173524,0.208019,-0.019595
0.003250,0.003750,0.000000,-0.151438,0.213264,-0.024990
0.003250,0.004000,0.000000,-0.128749,0.217439,-0.029812
0.003250,0.004250,0.000000,-0.105852,0.220759,-0.033993
0.003250,0.004500,0.000000,-0.082998,0.223402,-0.037488
0.003250,0.004750,0.000000,-0.060330,0.225495,-0.040267
0.003250,0.005000,0.000000,-0.037921,0.227107,-0.042310
0.003250,0.005250,0.000000,-0.015807,0.228249,-0.043603
0.003250,0.005500,0.000000,0.005980,0.228882,-0.044140
0.003250,0.005750,0.000000,0.027394,0.228918,-0.043917
0.003250,0.006000,0.000000,0.048360,0.228238,-0.042940
0.003250,0.006250,0.000000,0.068766,0.226696,-0.041218
0.003250,0.006500,0.000000,0.088466,0.224136,-0.038774
0.003250,0.006750,0.000000,0.107288,0.220395,-0.035640
0.003250,0.007000,0.000000,0.125035,0.215310,-0.031865
0.003250,0.007250,0.000000,0.141505,0.208729,-0.027511
0.003250,0.007500,0.000000,0.156491,0.200503,-0.022658
0.003250,0.007750,0.000000,0.169795,0.190493,-0.017403
0.003250,0.008000,0.000000,0.181235,0.178570,-0.011867
0.003250,0.008250,0.000000,0.190650,0.164614,-0.006191
0.003250,0.008500,0.000000,0.197914,0.148520,-0.000546
0.003250,0.008750,0.000000,0.203084,0.130201,0.004871
0.003250,0.009000,0.000000,0.207751,0.109548,0.009839
0.003250,0.009250,0.000000,0.223087,0.086147,0.014152
0.003250,0.009500,0.000000,0.296553,0.058798,0.017714
0.003250,0.009750,0.000000,0.544948,0.027264,0.020621
0.003250,0.010000,0.000000,1.460408,0.000000,0.021935
0.003500,0.000000,0.000000,0.000000,0.000000,0.032486
0.003500,0.000250,0.000000,-0.068671,0.009481,0.032660
0.003500,0.000500,0.000000,-0.120395,0.026032,0.032701
0.003500,0.000750,0.000000,-0.168423,0.046077,0.031985
0.003500,0.001000,0.000000,-0.207493,0.066662,0.030286
0.003500,0.001250,0.000000,-0.236182,0.086286,0.027505
0.003500,0.001500,0.000000,-0.255085,0.104429,0.023654
0.003500,0.001750,0.000000,-0.265294,0.120968,0.018829
0.003500,0.002000,0.000000,-0.267861,0.135866,0.013185
0.003500,0.002250,0.000000,-0.263764,0.149073,0.006923
0.003500,0.002500,0.000000,-0.253987,0.160537,0.000273
0.003500,0.002750,0.000000,-0.239557,0.170237,-0.006529
0.003500,0.003000,0.000000,-0.221531,0.178218,-0.013256
0.003500,0.003250,0.000000,-0.200925,0.184606,-0.019709
0.003500,0.003500,0.000000,-0.178653,0.189599,-0.025728
0.003500,0.003750,0.000000,-0.155461,0.193444,-0.031195
0.003500,0.004000,0.000000,-0.131904,0.196400,-0.036027
0.003500,0.004250,0.000000,-0.108346,0.198708,-0.040177
0.003500,0.004500,0.000000,-0.084991,0.200559,-0.043613
0.003500,0.004750,0.000000,-0.061923,0.202087,-0.046321
0.003500,0.005000,0.000000,-0.039152,0.203354,-0.048292
0.003500,0.005250,0.000000,-0.016657,0.204365,-0.049517
0.003500,0.005500,0.000000,0.005581,0.205064,-0.049994
0.003500,0.005750,0.000000,0.027558,0.205355,-0.049719
0.003500,0.006000,0.000000,0.049227,0.205101,-0.048695
0.003500,0.006250,0.000000,0.070496,0.204145,-0.046932
0.003500,0.006500,0.000000,0.091230,0.202314,-0.044449
0.003500,0.006750,0.000000,0.111255,0.199430,-0.041280
0.003500,0.007000,0.000000,0.130371,0.195320,-0.037471
0.003500,0.007250,0.000000,0.148364,0.189819,-0.033090
0.003500,0.007500,0.000000,0.165018,0.182777,-0.028219
0.003500,0.007750,0.000000,0.180121,0.174055,-0.022965
0.003500,0.008000,0.000000,0.193479,0.163533,-0.017455
0.003500,0.008250,0.000000,0.204914,0.151106,-0.011839
0.003500,0.008500,0.000000,0.214283,0.136688,-0.006293
0.003500,0.008750,0.000000,0.221647,0.120212,-0.001016
0.003500,0.009000,0.000000,0.228784,0.101565,0.003778
0.003500,0.009250,0.000000,0.247444,0.080267,0.007907
0.003500,0.009500,0.000000,0.324993,0.054990,0.011310
0.003500,0.009750,0.000000,0.573404,0.025464,0.014103
0.003500,0.010000,0.000000,1.460408,0.000000,0.015371
0.003750,0.000000,0.000000,0.000000,0.000000,0.031642
0.003750,0.000250,0.000000,-0.081946,0.010055,0.031778
0.003750,0.000500,0.000000,-0.138594,0.026624,0.031676
0.003750,0.000750,0.000000,-0.188171,0.045641,0.030683
0.003750,0.001000,0.000000,-0.226714,0.064435,0.028595
0.003750,0.001250,0.000000,-0.254048,0.081935,0.025344
0.003750,0.001500,0.000000,-0.271388,0.097903,0.020972
0.003750,0.001750,0.000000,-0.280001,0.112341,0.015603
0.003750,0.002000,0.000000,-0.280940,0.125241,0.009421
0.003750,0.002250,0.000000,-0.275162,0.136545,0.002655
0.003750,0.002500,0.000000,-0.263663,0.146187,-0.004442
0.003750,0.002750,0.000000,-0.247525,0.154142,-0.011611
0.003750,0.003000,0.000000,-0.227882,0.160463,-0.018613
0.003750,0.003250,0.000000,-0.205836,0.165297,-0.025248
0.003750,0.003500,0.000000,-0.182362,0.168872,-0.031364
0.003750,0.003750,0.000000,-0.158239,0.171465,-0.036857
0.003750,0.004000,0.000000,-0.134013,0.173366,-0.041665
0.003750,0.004250,0.000000,-0.110011,0.174829,-0.045758
0.003750,0.004500,0.000000,-0.086377,0.176053,-0.049123
0.003750,0.004750,0.000000,-0.063125,0.177162,-0.051758
0.003750,0.005000,0.000000,-0.040199,0.178209,-0.053663
0.003750,0.005250,0.000000,-0.017517,0.179182,-0.054836
0.003750,0.005500,0.000000,0.004990,0.180015,-0.055275
0.003750,0.005750,0.000000,0.027358,0.180601,-0.054978
0.003750,0.006000,0.000000,0.049570,0.180798,-0.053944
0.003750,0.006250,0.000000,0.071553,0.180442,-0.052182
0.003750,0.006500,0.000000,0.093182,0.179352,-0.049709
0.003750,0.006750,0.000000,0.114282,0.177347,-0.046557
0.003750,0.007000,0.000000,0.134646,0.174246,-0.042774
0.003750,0.007250,0.000000,0.154048,0.169881,-0.038427
0.003750,0.007500,0.000000,0.172254,0.164098,-0.033605
0.003750,0.007750,0.000000,0.189038,0.156762,-0.028419
0.003750,0.008000,0.000000,0.204185,0.147758,-0.023001
0.003750,0.008250,0.000000,0.217496,0.136992,-0.017508
0.003750,0.008500,0.000000,0.228808,0.124391,-0.012117
0.003750,0.008750,0.000000,0.238206,0.109899,-0.007027
0.003750,0.009000,0.000000,0.247696,0.093384,-0.002440
0.003750,0.009250,0.000000,0.269663,0.074279,0.001483
0.003750,0.009500,0.000000,0.351356,0.051132,0.004718
0.003750,0.009750,0.000000,0.599937,0.023660,0.007391
0.003750,0.010000,0.000000,1.460408,0.000000,0.008611
0.004000,0.000000,0.000000,0.000000,0.000000,0.030976
0.004000,0.000250,0.000000,-0.095295,0.010308,0.031063
0.004000,0.000500,0.000000,-0.155980,0.026284,0.030797
0.004000,0.000750,0.000000,-0.206234,0.043678,0.029522
0.004000,0.001000,0.000000,-0.243787,0.060259,0.027057
0.004000,0.001250,0.000000,-0.269651,0.075382,0.023362
0.004000,0.001500,0.000000,-0.285492,0.089041,0.018506
0.004000,0.001750,0.000000,-0.292631,0.101317,0.012636
0.004000,0.002000,0.000000,-0.292064,0.112204,0.005962
0.004000,0.002250,0.000000,-0.284710,0.121628,-0.001259
0.004000,0.002500,0.000000,-0.271584,0.129507,-0.008748
0.004000,0.002750,0.000000,-0.253834,0.135812,-0.016228
0.004000,0.003000,0.000000,-0.232686,0.140602,-0.023450
0.004000,0.003250,0.000000,-0.209333,0.144041,-0.030215
0.004000,0.003500,0.000000,-0.184821,0.146380,-0.036382
0.004000,0.003750,0.000000,-0.159955,0.147924,-0.041864
0.004000,0.004000,0.000000,-0.135268,0.148976,-0.046620
0.004000,0.004250,0.000000,-0.111033,0.149799,-0.050641
0.004000,0.004500,0.000000,-0.087324,0.150581,-0.053929
0.004000,0.004750,0.000000,-0.064079,0.151431,-0.056494
0.004000,0.005000,0.000000,-0.041172,0.152382,-0.058344
0.004000,0.005250,0.000000,-0.018464,0.153404,-0.059481
0.004000,0.005500,0.000000,0.004162,0.154420,-0.059903
0.004000,0.005750,0.000000,0.026775,0.155319,-0.059607
0.004000,0.006000,0.000000,0.049386,0.155960,-0.058592
0.004000,0.006250,0.000000,0.071942,0.156183,-0.056865
0.004000,0.006500,0.000000,0.094325,0.155813,-0.054439
0.004000,0.006750,0.000000,0.116361,0.154670,-0.051346
0.004000,0.007000,0.000000,0.137838,0.152574,-0.047634
0.004000,0.007250,0.000000,0.158513,0.149359,-0.043371
0.004000,0.007500,0.000000,0.178136,0.144871,-0.038649
0.004000,0.007750,0.000000,0.196461,0.138978,-0.033582
0.004000,0.008000,0.000000,0.213249,0.131568,-0.028307
0.004000,0.008250,0.000000,0.228281,0.122553,-0.022983
0.004000,0.008500,0.000000,0.241375,0.111867,-0.017789
0.004000,0.008750,0.000000,0.252654,0.099452,-0.012918
0.004000,0.009000,0.000000,0.264404,0.085144,-0.008563
0.004000,0.009250,0.000000,0.289697,0.068273,-0.004858
0.004000,0.009500,0.000000,0.375612,0.047271,-0.001799
0.004000,0.009750,0.000000,0.624536,0.021867,0.000751
0.004000,0.010000,0.000000,1.460408,0.000000,0.001920
0.004250,0.000000,0.000000,0.000000,0.000000,0.030575
0.004250,0.000250,0.000000,-0.108230,0.010172,0.030603
0.004250,0.000500,0.000000,-0.171964,0.024949,0.030162
0.004250,0.000750,0.000000,-0.222145,0.040199,0.028612
0.004250,0.001000,0.000000,-0.258417,0.054228,0.025792
0.004250,0.001250,0.000000,-0.282830,0.066790,0.021688
0.004250,0.001500,0.000000,-0.297323,0.078053,0.016387
0.004250,0.001750,0.000000,-0.303164,0.088138,0.010060
0.004250,0.002000,0.000000,-0.301252,0.097026,0.002941
0.004250,0.002250,0.000000,-0.292466,0.104623,-0.004687
0.004250,0.002500,0.000000,-0.277847,0.110835,-0.012520
0.004250,0.002750,0.000000,-0.258619,0.115627,-0.020262
0.004250,0.003000,0.000000,-0.236111,0.119063,-0.027657
0.004250,0.003250,0.000000,-0.211615,0.121316,-0.034510
0.004250,0.003500,0.000000,-0.186246,0.122651,-0.040692
0.004250,0.003750,0.000000,-0.160835,0.123383,-0.046138
0.004250,0.004000,0.000000,-0.135888,0.123821,-0.050828
0.004250,0.004250,0.000000,-0.111616,0.124219,-0.054770
0.004250,0.004500,0.000000,-0.088009,0.124748,-0.057984
0.004250,0.004750,0.000000,-0.064925,0.125489,-0.060488
0.004250,0.005000,0.000000,-0.042171,0.126452,-0.062295
0.004250,0.005250,0.000000,-0.019556,0.127589,-0.063410
0.004250,0.005500,0.000000,0.003075,0.128816,-0.063831
0.004250,0.005750,0.000000,0.025818,0.130022,-0.063555
0.004250,0.006000,0.000000,0.048705,0.131078,-0.062579
0.004250,0.006250,0.000000,0.071700,0.131837,-0.060908
0.004250,0.006500,0.000000,0.094695,0.132138,-0.058554
0.004250,0.006750,0.000000,0.117521,0.131812,-0.055547
0.004250,0.007000,0.000000,0.139957,0.130691,-0.051936
0.004250,0.007250,0.000000,0.161751,0.128611,-0.047791
0.004250,0.007500,0.000000,0.182636,0.125424,-0.043203
0.004250,0.007750,0.000000,0.202341,0.120998,-0.038291
0.004250,0.008000,0.000000,0.220610,0.115224,-0.033194
0.004250,0.008250,0.000000,0.237197,0.108015,-0.028071
0.004250,0.008500,0.000000,0.251909,0.099306,-0.023102
0.004250,0.008750,0.000000,0.264929,0.089025,-0.018474
0.004250,0.009000,0.000000,0.278875,0.076959,-0.014365
0.004250,0.009250,0.000000,0.307536,0.062324,-0.010888
0.004250,0.009500,0.000000,0.397762,0.043449,-0.008008
0.004250,0.009750,0.000000,0.647209,0.020099,-0.005585
0.004250,0.010000,0.000000,1.460408,0.000000,-0.004469
0.004500,0.000000,0.000000,0.000000,0.000000,0.030531
0.004500,0.000250,0.000000,-0.120244,0.009601,0.030493
0.004500,0.000500,0.000000,-0.186007,0.022600,0.029875
0.004500,0.000750,0.000000,-0.235514,0.035261,0.028064
0.004500,0.001000,0.000000,-0.270378,0.046476,0.024921
0.004500,0.001250,0.000000,-0.293476,0.056344,0.020445
0.004500,0.001500,0.000000,-0.306840,0.065157,0.014741
0.004500,0.001750,0.000000,-0.311604,0.073044,0.007998
0.004500,0.002000,0.000000,-0.308550,0.079968,0.000475
0.004500,0.002250,0.000000,-0.298519,0.085818,-0.007519
0.004500,0.002500,0.000000,-0.282588,0.090492,-0.015653
0.004500,0.002750,0.000000,-0.262062,0.093949,-0.023618
0.004500,0.003000,0.000000,-0.238374,0.096249,-0.031151
0.004500,0.003250,0.000000,-0.212921,0.097561,-0.038062
0.004500,0.003500,0.000000,-0.186888,0.098150,-0.044240
0.004500,0.003750,0.000000,-0.161126,0.098325,-0.049638
0.004500,0.004000,0.000000,-0.136104,0.098384,-0.054258
0.004500,0.004250,0.000000,-0.111960,0.098560,-0.058127
0.004500,0.004500,0.000000,-0.088594,0.098997,-0.061276
0.004500,0.004750,0.000000,-0.065783,0.099749,-0.063731
0.004500,0.005000,0.000000,-0.043272,0.100802,-0.065508
0.004500,0.005250,0.000000,-0.020828,0.102094,-0.066614
0.004500,0.005500,0.000000,0.001728,0.103538,-0.067047
0.004500,0.005750,0.000000,0.024512,0.105032,-0.066801
0.004500,0.006000,0.000000,0.047572,0.106463,-0.065874
0.004500,0.006250,0.000000,0.070882,0.107706,-0.064268
0.004500,0.006500,0.000000,0.094349,0.108621,-0.061998
0.004500,0.006750,0.000000,0.117808,0.109061,-0.059091
0.004500,0.007000,0.000000,0.141039,0.108871,-0.055596
0.004500,0.007250,0.000000,0.163780,0.107898,-0.051585
0.004500,0.007500,0.000000,0.185750,0.105999,-0.047151
0.004500,0.007750,0.000000,0.206660,0.103046,-0.042413
0.004500,0.008000,0.000000,0.226232,0.098928,-0.037513
0.004500,0.008250,0.000000,0.244199,0.093557,-0.032611
0.004500,0.008500,0.000000,0.260366,0.086858,-0.027882
0.004500,0.008750,0.000000,0.275001,0.078739,-0.023508
0.004500,0.009000,0.000000,0.291105,0.068920,-0.019655
0.004500,0.009250,0.000000,0.323206,0.056494,-0.016409
0.004500,0.009500,0.000000,0.417837,0.039702,-0.013710
0.004500,0.009750,0.000000,0.667985,0.018371,-0.011418
0.004500,0.010000,0.000000,1.460408,0.000000,-0.010358
0.004750,0.000000,0.000000,0.000000,0.000000,0.030933
0.004750,0.000250,0.000000,-0.130830,0.008567,0.030825
0.004750,0.000500,0.000000,-0.197625,0.019257,0.030034
0.004750,0.000750,0.000000,-0.246021,0.028960,0.027986
0.004750,0.001000,0.000000,-0.279500,0.037156,0.024553
0.004750,0.001250,0.000000,-0.301512,0.044237,0.019744
0.004750,0.001500,0.000000,-0.314023,0.050566,0.013677
0.004750,0.001750,0.000000,-0.317975,0.056263,0.006555
0.004750,0.002000,0.000000,-0.314026,0.061272,-0.001336
0.004750,0.002250,0.000000,-0.302989,0.065476,-0.009660
0.004750,0.002500,0.000000,-0.285977,0.068767,-0.018066
0.004750,0.002750,0.000000,-0.264376,0.071095,-0.026226
0.004750,0.003000,0.000000,-0.239724,0.072505,-0.033875
0.004750,0.003250,0.000000,-0.213516,0.073143,-0.040831
0.004750,0.003500,0.000000,-0.187010,0.073251,-0.046999
0.004750,0.003750,0.000000,-0.161069,0.073113,-0.052351
0.004750,0.004000,0.000000,-0.136123,0.073000,-0.056911
0.004750,0.004250,0.000000,-0.112229,0.073117,-0.060719
0.004750,0.004500,0.000000,-0.089198,0.073580,-0.063817
0.004750,0.004750,0.000000,-0.066731,0.074419,-0.066238
0.004750,0.005000,0.000000,-0.044516,0.075603,-0.067998
0.004750,0.005250,0.000000,-0.022292,0.077064,-0.069105
0.004750,0.005500,0.000000,0.000136,0.078719,-0.069555
0.004750,0.005750,0.000000,0.022892,0.080478,-0.069343
0.004750,0.006000,0.000000,0.046032,0.082249,-0.068465
0.004750,0.006250,0.000000,0.069542,0.083932,-0.066925
0.004750,0.006500,0.000000,0.093340,0.085416,-0.064737
0.004750,0.006750,0.000000,0.117272,0.086577,-0.061929
0.004750,0.007000,0.000000,0.141120,0.087279,-0.058551
0.004750,0.007250,0.000000,0.164623,0.087385,-0.054676
0.004750,0.007500,0.000000,0.187488,0.086760,-0.050400
0.004750,0.007750,0.000000,0.209412,0.085277,-0.045842
0.004750,0.008000,0.000000,0.230099,0.082825,-0.041144
0.004750,0.008250,0.000000,0.249267,0.079307,-0.036468
0.004750,0.008500,0.000000,0.266726,0.074637,-0.031985
0.004750,0.008750,0.000000,0.282867,0.068687,-0.027871
0.004750,0.009000,0.000000,0.301120,0.061097,-0.024275
0.004750,0.009250,0.000000,0.336753,0.050829,-0.021259
0.004750,0.009500,0.000000,0.435886,0.036059,-0.018741
0.004750,0.009750,0.000000,0.686911,0.016694,-0.016583
0.004750,0.010000,0.000000,1.460408,0.000000,-0.015580
0.005000,0.000000,0.000000,0.000000,0.000000,0.031856
0.005000,0.000250,0.000000,-0.139501,0.007066,0.031678
0.005000,0.000500,0.000000,-0.206399,0.014974,0.030723
0.005000,0.000750,0.000000,-0.253413,0.021416,0.028466
0.005000,0.001000,0.000000,-0.285655,0.026441,0.024779
0.005000,0.001250,0.000000,-0.306885,0.030666,0.019677
0.005000,0.001500,0.000000,-0.318865,0.034487,0.013281
0.005000,0.001750,0.000000,-0.322310,0.038006,0.005815
0.005000,0.002000,0.000000,-0.317763,0.041160,-0.002413
0.005000,0.002250,0.000000,-0.306014,0.043832,-0.011041
0.005000,0.002500,0.000000,-0.288207,0.045909,-0.019696
0.005000,0.002750,0.000000,-0.265799,0.047327,-0.028037
0.005000,0.003000,0.000000,-0.240422,0.048098,-0.035797
0.005000,0.003250,0.000000,-0.213668,0.048327,-0.042800
0.005000,0.003500,0.000000,-0.186858,0.048203,-0.048966
0.005000,0.003750,0.000000,-0.160875,0.047964,-0.054287
0.005000,0.004000,0.000000,-0.136108,0.047843,-0.058803
0.005000,0.004250,0.000000,-0.112539,0.048012,-0.062569
0.005000,0.004500,0.000000,-0.089895,0.048566,-0.065634
0.005000,0.004750,0.000000,-0.067806,0.049522,-0.068035
0.005000,0.005000,0.000000,-0.045917,0.050845,-0.069789
0.005000,0.005250,0.000000,-0.023943,0.052470,-0.070902
0.005000,0.005500,0.000000,-0.001685,0.054322,-0.071371
0.005000,0.005750,0.000000,0.020982,0.056330,-0.071190
0.005000,0.006000,0.000000,0.044117,0.058422,-0.070355
0.005000,0.006250,0.000000,0.067715,0.060525,-0.068871
0.005000,0.006500,0.000000,0.091705,0.062554,-0.066753
0.005000,0.006750,0.000000,0.115945,0.064412,-0.064033
0.005000,0.007000,0.000000,0.140230,0.065987,-0.060761
0.005000,0.007250,0.000000,0.164299,0.067158,-0.057011
0.005000,0.007500,0.000000,0.187858,0.067799,-0.052883
0.005000,0.007750,0.000000,0.210595,0.067788,-0.048496
0.005000,0.008000,0.000000,0.232201,0.067009,-0.043996
0.005000,0.008250,0.000000,0.252387,0.065358,-0.039540
0.005000,0.008500,0.000000,0.270986,0.062725,-0.035300
0.005000,0.008750,0.000000,0.288542,0.058937,-0.031442
0.005000,0.009000,0.000000,0.308962,0.053541,-0.028099
0.005000,0.009250,0.000000,0.348243,0.045366,-0.025311
0.005000,0.009500,0.000000,0.451972,0.032542,-0.022972
0.005000,0.009750,0.000000,0.704044,0.015080,-0.020947
0.005000,0.010000,0.000000,1.460408,0.000000,-0.020002
0.005250,0.000000,0.000000,0.000000,0.000000,0.033351
0.005250,0.000250,0.000000,-0.145804,0.005115,0.033105
0.005250,0.000500,0.000000,-0.211974,0.009832,0.032001
0.005250,0.000750,0.000000,-0.257489,0.012774,0.029565
0.005250,0.001000,0.000000,-0.288750,0.014514,0.025663
0.005250,0.001250,0.000000,-0.309557,0.015828,0.020303
0.005250,0.001500,0.000000,-0.321363,0.017118,0.013615
0.005250,0.001750,0.000000,-0.324648,0.018472,0.005836
0.005250,0.002000,0.000000,-0.319851,0.019829,-0.002701
0.005250,0.002250,0.000000,-0.307738,0.021080,-0.011613
0.005250,0.002500,0.000000,-0.289473,0.022110,-0.020505
0.005250,0.002750,0.000000,-0.266566,0.022830,-0.029025
0.005250,0.003000,0.000000,-0.240723,0.023201,-0.036903
0.005250,0.003250,0.000000,-0.213621,0.023259,-0.043969
0.005250,0.003500,0.000000,-0.186648,0.023120,-0.050155
0.005250,0.003750,0.000000,-0.160709,0.022954,-0.055469
0.005250,0.004000,0.000000,-0.136171,0.022941,-0.059965
0.005250,0.004250,0.000000,-0.112952,0.023226,-0.063710
0.005250,0.004500,0.000000,-0.090709,0.023893,-0.066759
0.005250,0.004750,0.000000,-0.069010,0.024961,-0.069152
0.005250,0.005000,0.000000,-0.047463,0.026406,-0.070907
0.005250,0.005250,0.000000,-0.025769,0.028177,-0.072029
0.005250,0.005500,0.000000,-0.003724,0.030216,-0.072514
0.005250,0.005750,0.000000,0.018792,0.032468,-0.072355
0.005250,0.006000,0.000000,0.041837,0.034882,-0.071551
0.005250,0.006250,0.000000,0.065410,0.037408,-0.070108
0.005250,0.006500,0.000000,0.089453,0.039986,-0.068042
0.005250,0.006750,0.000000,0.113838,0.042546,-0.065388
0.005250,0.007000,0.000000,0.138374,0.044999,-0.062201
0.005250,0.007250,0.000000,0.162811,0.047240,-0.058556
0.005250,0.007500,0.000000,0.186858,0.049157,-0.054555
0.005250,0.007750,0.000000,0.210202,0.050629,-0.050322
0.005250,0.008000,0.000000,0.232529,0.051538,-0.046002
0.005250,0.008250,0.000000,0.253552,0.051765,-0.041753
0.005250,0.008500,0.000000,0.273147,0.051174,-0.037744
0.005250,0.008750,0.000000,0.292051,0.049535,-0.034132
0.005250,0.009000,0.000000,0.314691,0.046286,-0.031035
0.005250,0.009250,0.000000,0.357752,0.040126,-0.028467
0.005250,0.009500,0.000000,0.466171,0.029167,-0.026302
0.005250,0.009750,0.000000,0.719453,0.013535,-0.024409
0.005250,0.010000,0.000000,1.460408,0.000000,-0.023523
0.005500,0.000000,0.000000,0.000000,0.000000,0.035435
0.005500,0.000250,0.000000,-0.149333,0.002751,0.035124
0.005500,0.000500,0.000000,-0.214058,0.003941,0.033889
0.005500,0.000750,0.000000,-0.258095,0.003202,0.031308
0.005500,0.001000,0.000000,-0.288709,0.001570,0.027229
0.005500,0.001250,0.000000,-0.309490,-0.000076,0.021652
0.005500,0.001500,0.000000,-0.321509,-0.001344,0.014709
0.005500,0.001750,0.000000,-0.325021,-0.002153,0.006652
0.005500,0.002000,0.000000,-0.320372,-0.002547,-0.002168
0.005500,0.002250,0.000000,-0.308295,-0.002622,-0.011346
0.005500,0.002500,0.000000,-0.289956,-0.002496,-0.020470
0.005500,0.002750,0.000000,-0.266889,-0.002295,-0.029178
0.005500,0.003000,0.000000,-0.240851,-0.002120,-0.037193
0.005500,0.003250,0.000000,-0.213587,-0.002027,-0.044349
0.005500,0.003500,0.000000,-0.186553,-0.002001,-0.050586
0.005500,0.003750,0.000000,-0.160695,-0.001960,-0.055924
0.005500,0.004000,0.000000,-0.136380,-0.001782,-0.060428
0.005500,0.004250,0.000000,-0.113491,-0.001347,-0.064173
0.005500,0.004500,0.000000,-0.091631,-0.000570,-0.067223
0.005500,0.004750,0.000000,-0.070320,0.000589,-0.069618
0.005500,0.005000,0.000000,-0.049133,0.002129,-0.071378
0.005500,0.005250,0.000000,-0.027753,0.004026,-0.072507
0.005500,0.005500,0.000000,-0.005976,0.006242,-0.073001
0.005500,0.005750,0.000000,0.016317,0.008743,-0.072854
0.005500,0.006000,0.000000,0.039178,0.011496,-0.072065
0.005500,0.006250,0.000000,0.062611,0.014469,-0.070641
0.005500,0.006500,0.000000,0.086566,0.017625,-0.068605
0.005500,0.006750,0.000000,0.110933,0.020916,-0.065992
0.005500,0.007000,0.000000,0.135536,0.024274,-0.062861
0.005500,0.007250,0.000000,0.160141,0.027614,-0.059293
0.005500,0.007500,0.000000,0.184469,0.030831,-0.055392
0.005500,0.007750,0.000000,0.208215,0.033813,-0.051285
0.005500,0.008000,0.000000,0.231066,0.036433,-0.047120
0.005500,0.008250,0.000000,0.252750,0.038557,-0.043057
0.005500,0.008500,0.000000,0.273215,0.040015,-0.039260
0.005500,0.008750,0.000000,0.293430,0.040507,-0.035880
0.005500,0.009000,0.000000,0.318371,0.039351,-0.033016
0.005500,0.009250,0.000000,0.365363,0.035123,-0.030657
0.005500,0.009500,0.000000,0.478563,0.025941,-0.028657
0.005500,0.009750,0.000000,0.733211,0.012063,-0.026894
0.005500,0.010000,0.000000,1.460408,0.000000,-0.026066
0.005750,0.000000,0.000000,0.000000,0.000000,0.038076
0.005750,0.000250,0.000000,-0.149745,0.000034,0.037705
0.005750,0.000500,0.000000,-0.212425,-0.002560,0.036360
0.005750,0.000750,0.000000,-0.255118,-0.007103,0.033670
0.005750,0.001000,0.000000,-0.285472,-0.012170,0.029457
0.005750,0.001250,0.000000,-0.306642,-0.016825,0.023708
0.005750,0.001500,0.000000,-0.319285,-0.020693,0.016556
0.005750,0.001750,0.000000,-0.323445,-0.023681,0.008263
0.005750,0.002000,0.000000,-0.319383,-0.025808,-0.000806
0.005750,0.002250,0.000000,-0.307789,-0.027151,-0.010231
0.005750,0.002500,0.000000,-0.289800,-0.027835,-0.019585
0.005750,0.002750,0.000000,-0.266942,-0.028022,-0.028494
0.005750,0.003000,0.000000,-0.240991,-0.027891,-0.036674
0.005750,0.003250,0.000000,-0.213740,-0.027604,-0.043957
0.005750,0.003500,0.000000,-0.186715,-0.027266,-0.050284
0.005750,0.003750,0.000000,-0.160928,-0.026903,-0.055682
0.005750,0.004000,0.000000,-0.136783,-0.026461,-0.060223
0.005750,0.004250,0.000000,-0.114164,-0.025847,-0.063991
0.005750,0.004500,0.000000,-0.092644,-0.024962,-0.067055
0.005750,0.004750,0.000000,-0.071709,-0.023733,-0.069459
0.005750,0.005000,0.000000,-0.050900,-0.022122,-0.071225
0.005750,0.005250,0.000000,-0.029882,-0.020118,-0.072358
0.005750,0.005500,0.000000,-0.008441,-0.017728,-0.072852
0.005750,0.005750,0.000000,0.013539,-0.014968,-0.072703
0.005750,0.006000,0.000000,0.036111,-0.011852,-0.071911
0.005750,0.006250,0.000000,0.059281,-0.008396,-0.070486
0.005750,0.006500,0.000000,0.083005,-0.004619,-0.068452
0.005750,0.006750,0.000000,0.107189,-0.000552,-0.065852
0.005750,0.007000,0.000000,0.131677,0.003757,-0.062746
0.005750,0.007250,0.000000,0.156254,0.008238,-0.059221
0.005750,0.007500,0.000000,0.180659,0.012800,-0.055386
0.005750,0.007750,0.000000,0.204601,0.017328,-0.051373
0.005750,0.008000,0.000000,0.227785,0.021694,-0.047332
0.005750,0.008250,0.000000,0.249969,0.025741,-0.043426
0.005750,0.008500,0.000000,0.271197,0.029256,-0.039817
0.005750,0.008750,0.000000,0.292716,0.031857,-0.036648
0.005750,0.009000,0.000000,0.320075,0.032736,-0.033998
0.005750,0.009250,0.000000,0.371162,0.030355,-0.031834
0.005750,0.009500,0.000000,0.489231,0.022866,-0.029990
0.005750,0.009750,0.000000,0.745394,0.010664,-0.028349
0.005750,0.010000,0.000000,1.460408,0.000000,-0.027577
0.006000,0.000000,0.000000,0.000000,0.000000,0.041183
0.006000,0.000250,0.000000,-0.146774,-0.002953,0.040759
0.006000,0.000500,0.000000,-0.206921,-0.009493,0.039328
0.006000,0.000750,0.000000,-0.248485,-0.017904,0.036570
0.006000,0.001000,0.000000,-0.278987,-0.026446,0.032274
0.006000,0.001250,0.000000,-0.300966,-0.034165,0.026412
0.006000,0.001500,0.000000,-0.314653,-0.040690,0.019112
0.006000,0.001750,0.000000,-0.319906,-0.045905,0.010640
0.006000,0.002000,0.000000,-0.316902,-0.049792,0.001366
0.006000,0.002250,0.000000,-0.306268,-0.052405,-0.008277
0.006000,0.002500,0.000000,-0.289085,-0.053872,-0.017854
0.006000,0.002750,0.000000,-0.266833,-0.054391,-0.026979
0.006000,0.003000,0.000000,-0.241270,-0.054217,-0.035355
0.006000,0.003250,0.000000,-0.214212,-0.053626,-0.042806
0.006000,0.003500,0.000000,-0.187254,-0.052857,-0.049268
0.006000,0.003750,0.000000,-0.161500,-0.052060,-0.054766
0.006000,0.004000,0.000000,-0.137435,-0.051267,-0.059378
0.006000,0.004250,0.000000,-0.114990,-0.050419,-0.063191
0.006000,0.004500,0.000000,-0.093745,-0.049402,-0.066283
0.006000,0.004750,0.000000,-0.073160,-0.048102,-0.068702
0.006000,0.005000,0.000000,-0.052748,-0.046430,-0.070473
0.006000,0.005250,0.000000,-0.032146,-0.044328,-0.071603
0.006000,0.005500,0.000000,-0.011125,-0.041768,-0.072088
0.006000,0.005750,0.000000,0.010440,-0.038738,-0.071923
0.006000,0.006000,0.000000,0.032606,-0.035234,-0.071110
0.006000,0.006250,0.000000,0.055378,-0.031259,-0.069662
0.006000,0.006500,0.000000,0.078722,-0.026816,-0.067606
0.006000,0.006750,0.000000,0.102556,-0.021921,-0.064987
0.006000,0.007000,0.000000,0.126746,-0.016608,-0.061873
0.006000,0.007250,0.000000,0.151099,-0.010932,-0.058355
0.006000,0.007500,0.000000,0.175379,-0.004977,-0.054549
0.006000,0.007750,0.000000,0.199320,0.001147,-0.050591
0.006000,0.008000,0.000000,0.222653,0.007300,-0.046638
0.006000,0.008250,0.000000,0.245188,0.013301,-0.042855
0.006000,0.008500,0.000000,0.267099,0.018884,-0.039403
0.006000,0.008750,0.000000,0.289950,0.023572,-0.036418
0.006000,0.009000,0.000000,0.319873,0.026426,-0.033960
0.006000,0.009250,0.000000,0.375233,0.025809,-0.031969
0.006000,0.009500,0.000000,0.498254,0.019932,-0.030265
0.006000,0.009750,0.000000,0.756077,0.009334,-0.028737
0.006000,0.010000,0.000000,1.460408,0.000000,-0.028016
0.006250,0.000000,0.000000,0.000000,0.000000,0.044602
0.006250,0.000250,0.000000,-0.140252,-0.006095,0.044135
0.006250,0.000500,0.000000,-0.197474,-0.016630,0.042645
0.006250,0.000750,0.000000,-0.238165,-0.028903,0.039866
0.006250,0.001000,0.000000,-0.269211,-0.040937,0.035551
0.006250,0.001250,0.000000,-0.292398,-0.051774,0.029652
0.006250,0.001500,0.000000,-0.307545,-0.061037,0.022286
0.006250,0.001750,0.000000,-0.314344,-0.068569,0.013714
0.006250,0.002000,0.000000,-0.312883,-0.074307,0.004304
0.006250,0.002250,0.000000,-0.303708,-0.078274,-0.005513
0.006250,0.002500,0.000000,-0.287814,-0.080588,-0.015295
0.006250,0.002750,0.000000,-0.266596,-0.081476,-0.024641
0.006250,0.003000,0.000000,-0.241755,-0.081256,-0.033242
0.006250,0.003250,0.000000,-0.215100,-0.080312,-0.040904
0.006250,0.003500,0.000000,-0.188282,-0.079020,-0.047549
0.006250,0.003750,0.000000,-0.162518,-0.077668,-0.053193
0.006250,0.004000,0.000000,-0.138424,-0.076403,-0.057912
0.006250,0.004250,0.000000,-0.116029,-0.075216,-0.061798
0.006250,0.004500,0.000000,-0.094961,-0.073994,-0.064934
0.006250,0.004750,0.000000,-0.074681,-0.072581,-0.067374
0.006250,0.005000,0.000000,-0.054674,-0.070828,-0.069151
0.006250,0.005250,0.000000,-0.034544,-0.068623,-0.070273
0.006250,0.005500,0.000000,-0.014032,-0.065889,-0.070738
0.006250,0.005750,0.000000,0.007005,-0.062581,-0.070545
0.006250,0.006000,0.000000,0.028632,-0.058672,-0.069694
0.006250,0.006250,0.000000,0.050862,-0.054147,-0.068201
0.006250,0.006500,0.000000,0.073668,-0.049000,-0.066097
0.006250,0.006750,0.000000,0.096982,-0.043232,-0.063431
0.006250,0.007000,0.000000,0.120688,-0.036865,-0.060275
0.006250,0.007250,0.000000,0.144623,-0.029944,-0.056728
0.006250,0.007500,0.000000,0.168580,-0.022544,-0.052909
0.006250,0.007750,0.000000,0.192324,-0.014775,-0.048966
0.006250,0.008000,0.000000,0.215631,-0.006791,-0.045059
0.006250,0.008250,0.000000,0.238385,0.001197,-0.041358
0.006250,0.008500,0.000000,0.260926,0.008858,-0.038027
0.006250,0.008750,0.000000,0.285173,0.015610,-0.035191
0.006250,0.009000,0.000000,0.317838,0.020381,-0.032893
0.006250,0.009250,0.000000,0.377656,0.021451,-0.031048
0.006250,0.009500,0.000000,0.505706,0.017117,-0.029461
0.006250,0.009750,0.000000,0.765327,0.008059,-0.028027
0.006250,0.010000,0.000000,1.460408,0.000000,-0.027352
0.006500,0.000000,0.000000,0.000000,0.000000,0.048118
0.006500,0.000250,0.000000,-0.130143,-0.009236,0.047616
0.006500,0.000500,0.000000,-0.184113,-0.023672,0.046100
0.006500,0.000750,0.000000,-0.224179,-0.039717,0.043357
0.006500,0.001000,0.000000,-0.256117,-0.055222,0.039102
0.006500,0.001250,0.000000,-0.280865,-0.069232,0.033266
0.006500,0.001500,0.000000,-0.297857,-0.081341,0.025946
0.006500,0.001750,0.000000,-0.306637,-0.091335,0.017383
0.006500,0.002000,0.000000,-0.307198,-0.099093,0.007931
0.006500,0.002250,0.000000,-0.299987,-0.104594,-0.001988
0.006500,0.002500,0.000000,-0.285883,-0.107935,-0.011931
0.006500,0.002750,0.000000,-0.266165,-0.109344,-0.021490
0.006500,0.003000,0.000000,-0.242433,-0.109183,-0.030336
0.006500,0.003250,0.000000,-0.216449,-0.107920,-0.038248
0.006500,0.003500,0.000000,-0.189898,-0.106056,-0.045126
0.006500,0.003750,0.000000,-0.164117,-0.104033,-0.050968
0.006500,0.004000,0.000000,-0.139888,-0.102132,-0.055840
0.006500,0.004250,0.000000,-0.117399,-0.100438,-0.059832
0.006500,0.004500,0.000000,-0.096380,-0.098865,-0.063034
0.006500,0.004750,0.000000,-0.076326,-0.097232,-0.065508
0.006500,0.005000,0.000000,-0.056706,-0.095333,-0.067293
0.006500,0.005250,0.000000,-0.037086,-0.092988,-0.068404
0.006500,0.005500,0.000000,-0.017168,-0.090064,-0.068843
0.006500,0.005750,0.000000,0.003223,-0.086468,-0.068609
0.006500,0.006000,0.000000,0.024173,-0.082144,-0.067706
0.006500,0.006250,0.000000,0.045706,-0.077055,-0.066150
0.006500,0.006500,0.000000,0.067807,-0.071179,-0.063974
0.006500,0.006750,0.000000,0.090422,-0.064507,-0.061233
0.006500,0.007000,0.000000,0.113457,-0.057048,-0.058003
0.006500,0.007250,0.000000,0.136777,-0.048840,-0.054388
0.006500,0.007500,0.000000,0.160211,-0.039951,-0.050517
0.006500,0.007750,0.000000,0.183567,-0.030496,-0.046542
0.006500,0.008000,0.000000,0.206681,-0.020642,-0.042635
0.006500,0.008250,0.000000,0.229539,-0.010640,-0.038970
0.006500,0.008500,0.000000,0.252686,-0.000896,-0.035713
0.006500,0.008750,0.000000,0.278427,0.007895,-0.032980
0.006500,0.009000,0.000000,0.314032,0.014527,-0.030799
0.006500,0.009250,0.000000,0.378497,0.017222,-0.029061
0.006500,0.009500,0.000000,0.511646,0.014379,-0.027556
0.006500,0.009750,0.000000,0.773194,0.006820,-0.026190
0.006500,0.010000,0.000000,1.460408,0.000000,-0.025547
0.006750,0.000000,0.000000,0.000000,0.000000,0.051462
0.006750,0.000250,0.000000,-0.116580,-0.012171,0.050938
0.006750,0.000500,0.000000,-0.166994,-0.030228,0.049433
0.006750,0.000750,0.000000,-0.206615,-0.049842,0.046791
0.006750,0.001000,0.000000,-0.239696,-0.068750,0.042694
0.006750,0.001250,0.000000,-0.266279,-0.085978,0.037046
0.006750,0.001500,0.000000,-0.285443,-0.101065,0.029913
0.006750,0.001750,0.000000,-0.296593,-0.113723,0.021505
0.006750,0.002000,0.000000,-0.299623,-0.123760,0.012143
0.006750,0.002250,0.000000,-0.294867,-0.131093,0.002230
0.006750,0.002500,0.000000,-0.283064,-0.135771,-0.007803
0.006750,0.002750,0.000000,-0.265348,-0.137997,-0.017539
0.006750,0.003000,0.000000,-0.243179,-0.138141,-0.026629
0.006750,0.003250,0.000000,-0.218226,-0.136715,-0.034822
0.006750,0.003500,0.000000,-0.192169,-0.134322,-0.041984
0.006750,0.003750,0.000000,-0.166443,-0.131545,-0.048081
0.006750,0.004000,0.000000,-0.142019,-0.128829,-0.053160
0.006750,0.004250,0.000000,-0.119296,-0.126396,-0.057305
0.006750,0.004500,0.000000,-0.098167,-0.124240,-0.060607
0.006750,0.004750,0.000000,-0.078214,-0.122190,-0.063137
0.006750,0.005000,0.000000,-0.058918,-0.120000,-0.064942
0.006750,0.005250,0.000000,-0.039813,-0.117425,-0.066046
0.006750,0.005500,0.000000,-0.020552,-0.114261,-0.066455
0.006750,0.005750,0.000000,-0.000914,-0.110357,-0.066173
0.006750,0.006000,0.000000,0.019219,-0.105610,-0.065206
0.006750,0.006250,0.000000,0.039897,-0.099953,-0.063571
0.006750,0.006500,0.000000,0.061119,-0.093342,-0.061304
0.006750,0.006750,0.000000,0.082851,-0.085754,-0.058462
0.006750,0.007000,0.000000,0.105021,-0.077187,-0.055127
0.006750,0.007250,0.000000,0.127526,-0.067670,-0.051407
0.006750,0.007500,0.000000,0.150236,-0.057269,-0.047440
0.006750,0.007750,0.000000,0.173014,-0.046101,-0.043387
0.006750,0.008000,0.000000,0.195775,-0.034354,-0.039426
0.006750,0.008250,0.000000,0.218639,-0.022327,-0.035741
0.006750,0.008500,0.000000,0.242391,-0.010504,-0.032498
0.006750,0.008750,0.000000,0.269751,0.000296,-0.029809
0.006750,0.009000,0.000000,0.308511,0.008743,-0.027684
0.006750,0.009250,0.000000,0.377804,0.013019,-0.025993
0.006750,0.009500,0.000000,0.516108,0.011644,-0.024516
0.006750,0.009750,0.000000,0.779705,0.005578,-0.023172
0.006750,0.010000,0.000000,1.460408,0.000000,-0.022542
0.007000,0.000000,0.000000,0.000000,0.000000,0.054343
0.007000,0.000250,0.000000,-0.099915,-0.014636,0.053810
0.007000,0.000500,0.000000,-0.146442,-0.035794,0.052356
0.007000,0.000750,0.000000,-0.185656,-0.058626,0.049887
0.007000,0.001000,0.000000,-0.219981,-0.080788,0.046061
0.007000,0.001250,0.000000,-0.248550,-0.101253,0.040748
0.007000,0.001500,0.000000,-0.270111,-0.119471,0.033974
0.007000,0.001750,0.000000,-0.283942,-0.135056,0.025899
0.007000,0.002000,0.000000,-0.289828,-0.147726,0.016801
0.007000,0.002250,0.000000,-0.287976,-0.157312,0.007041
0.007000,0.002500,0.000000,-0.278979,-0.163788,-0.002966
0.007000,0.002750,0.000000,-0.263796,-0.167298,-0.012807
0.007000,0.003000,0.000000,-0.243715,-0.168170,-0.022113
0.007000,0.003250,0.000000,-0.220267,-0.166918,-0.030599
0.007000,0.003500,0.000000,-0.195068,-0.164193,-0.038086
0.007000,0.003750,0.000000,-0.169610,-0.160692,-0.044500
0.007000,0.004000,0.000000,-0.145037,-0.157026,-0.049854
0.007000,0.004250,0.000000,-0.121988,-0.153596,-0.054215
0.007000,0.004500,0.000000,-0.100586,-0.150543,-0.057667
0.007000,0.004750,0.000000,-0.080566,-0.147770,-0.060291
0.007000,0.005000,0.000000,-0.061471,-0.145035,-0.062141
0.007000,0.005250,0.000000,-0.042825,-0.142043,-0.063251
0.007000,0.005500,0.000000,-0.024236,-0.138522,-0.063637
0.007000,0.005750,0.000000,-0.005427,-0.134246,-0.063307
0.007000,0.006000,0.000000,0.013769,-0.129052,-0.062270
0.007000,0.006250,0.000000,0.033437,-0.122824,-0.060546
0.007000,0.006500,0.000000,0.053608,-0.115486,-0.058171
0.007000,0.006750,0.000000,0.074267,-0.106993,-0.055207
0.007000,0.007000,0.000000,0.095374,-0.097329,-0.051738
0.007000,0.007250,0.000000,0.116859,-0.086511,-0.047879
0.007000,0.007500,0.000000,0.138642,-0.074602,-0.043772
0.007000,0.007750,0.000000,0.160652,-0.061725,-0.039588
0.007000,0.008000,0.000000,0.182906,-0.048092,-0.035513
0.007000,0.008250,0.000000,0.205689,-0.034050,-0.031738
0.007000,0.008500,0.000000,0.230064,-0.020174,-0.028432
0.007000,0.008750,0.000000,0.259181,-0.007402,-0.025703
0.007000,0.009000,0.000000,0.301309,0.002824,-0.023545
0.007000,0.009250,0.000000,0.375595,0.008670,-0.021811
0.007000,0.009500,0.000000,0.519087,0.008790,-0.020275
0.007000,0.009750,0.000000,0.784838,0.004268,-0.018877
0.007000,0.010000,0.000000,1.460408,0.000000,-0.018228
0.007250,0.000000,0.000000,0.000000,0.000000,0.056488
0.007250,0.000250,0.000000,-0.080785,-0.016315,0.055962
0.007250,0.000500,0.000000,-0.123003,-0.039751,0.054598
0.007250,0.000750,0.000000,-0.161621,-0.065242,0.052373
0.007250,0.001000,0.000000,-0.197069,-0.090388,0.048931
0.007250,0.001250,0.000000,-0.227597,-0.114053,0.044112
0.007250,0.001500,0.000000,-0.251639,-0.135554,0.037889
0.007250,0.001750,0.000000,-0.268338,-0.154376,0.030357
0.007250,0.002000,0.000000,-0.277368,-0.170120,0.021729
0.007250,0.002250,0.000000,-0.278804,-0.182507,0.012316
0.007250,0.002500,0.000000,-0.273078,-0.191405,0.002495
0.007250,0.002750,0.000000,-0.260966,-0.196855,-0.007333
0.007250,0.003000,0.000000,-0.243559,-0.199103,-0.016786
0.007250,0.003250,0.000000,-0.222203,-0.198601,-0.025545
0.007250,0.003500,0.000000,-0.198394,-0.195988,-0.033382
0.007250,0.003750,0.000000,-0.173611,-0.192013,-0.040170
0.007250,0.004000,0.000000,-0.149115,-0.187421,-0.045874
0.007250,0.004250,0.000000,-0.125778,-0.182811,-0.050531
0.007250,0.004500,0.000000,-0.103993,-0.178525,-0.054209
0.007250,0.004750,0.000000,-0.083723,-0.174627,-0.056986
0.007250,0.005000,0.000000,-0.064645,-0.170955,-0.058926
0.007250,0.005250,0.000000,-0.046326,-0.167220,-0.060075
0.007250,0.005500,0.000000,-0.028349,-0.163098,-0.060458
0.007250,0.005750,0.000000,-0.010384,-0.158294,-0.060090
0.007250,0.006000,0.000000,0.007797,-0.152567,-0.058986
0.007250,0.006250,0.000000,0.026331,-0.145736,-0.057170
0.007250,0.006500,0.000000,0.045289,-0.137675,-0.054680
0.007250,0.006750,0.000000,0.064694,-0.128303,-0.051577
0.007250,0.007000,0.000000,0.084539,-0.117577,-0.047951
0.007250,0.007250,0.000000,0.104800,-0.105501,-0.043918
0.007250,0.007500,0.000000,0.125450,-0.092130,-0.039627
0.007250,0.007750,0.000000,0.146504,-0.077592,-0.035254
0.007250,0.008000,0.000000,0.168100,-0.062122,-0.030993
0.007250,0.008250,0.000000,0.190721,-0.046120,-0.027041
0.007250,0.008500,0.000000,0.215743,-0.030247,-0.023570
0.007250,0.008750,0.000000,0.246752,-0.015550,-0.020682
0.007250,0.009000,0.000000,0.292438,-0.003562,-0.018360
0.007250,0.009250,0.000000,0.371839,0.003890,-0.016443
0.007250,0.009500,0.000000,0.520510,0.005604,-0.014703
0.007250,0.009750,0.000000,0.788495,0.002781,-0.013125
0.007250,0.010000,0.000000,1.460408,0.000000,-0.012402
0.007500,0.000000,0.000000,0.000000,0.000000,0.057703
0.007500,0.000250,0.000000,-0.060164,-0.016869,0.057198
0.007500,0.000500,0.000000,-0.097515,-0.041395,0.055957
0.007500,0.000750,0.000000,-0.135020,-0.068697,0.054029
0.007500,0.001000,0.000000,-0.171170,-0.096364,0.051071
0.007500,0.001250,0.000000,-0.203383,-0.123086,0.046895
0.007500,0.001500,0.000000,-0.229788,-0.147983,0.041412
0.007500,0.001750,0.000000,-0.249375,-0.170370,0.034642
0.007500,0.002000,0.000000,-0.261697,-0.189695,0.026718
0.007500,0.002250,0.000000,-0.266692,-0.205541,0.017880
0.007500,0.002500,0.000000,-0.264631,-0.217635,0.008453
0.007500,0.002750,0.000000,-0.256097,-0.225886,-0.001191
0.007500,0.003000,0.000000,-0.241969,-0.230404,-0.010668
0.007500,0.003250,0.000000,-0.223383,-0.231524,-0.019634
0.007500,0.003500,0.000000,-0.201657,-0.229798,-0.027811
0.007500,0.003750,0.000000,-0.178177,-0.225951,-0.035011
0.007500,0.004000,0.000000,-0.154240,-0.220785,-0.041141
0.007500,0.004250,0.000000,-0.130885,-0.215057,-0.046187
0.007500,0.004500,0.000000,-0.108769,-0.209334,-0.050187
0.007500,0.004750,0.000000,-0.088135,-0.203914,-0.053207
0.007500,0.005000,0.000000,-0.068878,-0.198816,-0.055313
0.007500,0.005250,0.000000,-0.050682,-0.193850,-0.056558
0.007500,0.005500,0.000000,-0.033162,-0.188707,-0.056979
0.007500,0.005750,0.000000,-0.015959,-0.183051,-0.056602
0.007500,0.006000,0.000000,0.001211,-0.176571,-0.055450
0.007500,0.006250,0.000000,0.018546,-0.169011,-0.053550
0.007500,0.006500,0.000000,0.036174,-0.160177,-0.050945
0.007500,0.006750,0.000000,0.054169,-0.149930,-0.047696
0.007500,0.007000,0.000000,0.072572,-0.138189,-0.043895
0.007500,0.007250,0.000000,0.091412,-0.124928,-0.039659
0.007500,0.007500,0.000000,0.110732,-0.110187,-0.035140
0.007500,0.007750,0.000000,0.130644,-0.094094,-0.030515
0.007500,0.008000,0.000000,0.151435,-0.076902,-0.025983
0.007500,0.008250,0.000000,0.173813,-0.059054,-0.021744
0.007500,0.008500,0.000000,0.199493,-0.041284,-0.017968
0.007500,0.008750,0.000000,0.232496,-0.024727,-0.014751
0.007500,0.009000,0.000000,0.281870,-0.010972,-0.012065
0.007500,0.009250,0.000000,0.366429,-0.001804,-0.009738
0.007500,0.009500,0.000000,0.520196,0.001729,-0.007553
0.007500,0.009750,0.000000,0.790442,0.000929,-0.005580
0.007500,0.010000,0.000000,1.460408,0.000000,-0.004688
0.007750,0.000000,0.000000,0.000000,0.000000,0.057924
0.007750,0.000250,0.000000,-0.039391,-0.016022,0.057456
0.007750,0.000500,0.000000,-0.071176,-0.040060,0.056357
0.007750,0.000750,0.000000,-0.106652,-0.067937,0.054749
0.007750,0.001000,0.000000,-0.142680,-0.097348,0.052333
0.007750,0.001250,0.000000,-0.175977,-0.126772,0.048906
0.007750,0.001500,0.000000,-0.204356,-0.155060,0.044321
0.007750,0.001750,0.000000,-0.226625,-0.181292,0.038514
0.007750,0.002000,0.000000,-0.242197,-0.204720,0.031526
0.007750,0.002250,0.000000,-0.250864,-0.224748,0.023509
0.007750,0.002500,0.000000,-0.252733,-0.240938,0.014720
0.007750,0.002750,0.000000,-0.248198,-0.253026,0.005484
0.007750,0.003000,0.000000,-0.237920,-0.260954,-0.003836
0.007750,0.003250,0.000000,-0.222808,-0.264887,-0.012878
0.007750,0.003500,0.000000,-0.203968,-0.265221,-0.021328
0.007750,0.003750,0.000000,-0.182624,-0.262565,-0.028937
0.007750,0.004000,0.000000,-0.160009,-0.257683,-0.035545
0.007750,0.004250,0.000000,-0.137229,-0.251391,-0.041072
0.007750,0.004500,0.000000,-0.115136,-0.244429,-0.045509
0.007750,0.004750,0.000000,-0.094240,-0.237343,-0.048890
0.007750,0.005000,0.000000,-0.074710,-0.230415,-0.051269
0.007750,0.005250,0.000000,-0.056436,-0.223664,-0.052701
0.007750,0.005500,0.000000,-0.039149,-0.216911,-0.053234
0.007750,0.005750,0.000000,-0.022520,-0.209864,-0.052905
0.007750,0.006000,0.000000,-0.006242,-0.202193,-0.051745
0.007750,0.006250,0.000000,0.009937,-0.193587,-0.049789
0.007750,0.006500,0.000000,0.026207,-0.183781,-0.047084
0.007750,0.006750,0.000000,0.042706,-0.172569,-0.043693
0.007750,0.007000,0.000000,0.059537,-0.159810,-0.039708
0.007750,0.007250,0.000000,0.076798,-0.145432,-0.035246
0.007750,0.007500,0.000000,0.094616,-0.129446,-0.030455
0.007750,0.007750,0.000000,0.113218,-0.111961,-0.025511
0.007750,0.008000,0.000000,0.133060,-0.093235,-0.020608
0.007750,0.008250,0.000000,0.155104,-0.073733,-0.015939
0.007750,0.008500,0.000000,0.181416,-0.054230,-0.011667
0.007750,0.008750,0.000000,0.216440,-0.035902,-0.007874
0.007750,0.009000,0.000000,0.269516,-0.020339,-0.004516
0.007750,0.009250,0.000000,0.359137,-0.009231,-0.001414
0.007750,0.009500,0.000000,0.517776,-0.003447,0.001622
0.007750,0.009750,0.000000,0.790224,-0.001604,0.004361
0.007750,0.010000,0.000000,1.460408,0.000000,0.005582
0.008000,0.000000,0.000000,0.000000,0.000000,0.057257
0.008000,0.000250,0.000000,-0.020104,-0.013692,0.056839
0.008000,0.000500,0.000000,-0.045601,-0.035372,0.055887
0.008000,0.000750,0.000000,-0.077733,-0.062106,0.054579
0.008000,0.001000,0.000000,-0.112334,-0.091986,0.052699
0.008000,0.001250,0.000000,-0.145671,-0.123355,0.050053
0.008000,0.001500,0.000000,-0.175268,-0.154750,0.046451
0.008000,0.001750,0.000000,-0.199715,-0.184936,0.041747
0.008000,0.002000,0.000000,-0.218241,-0.212895,0.035887
0.008000,0.002250,0.000000,-0.230474,-0.237807,0.028925
0.008000,0.002500,0.000000,-0.236353,-0.259031,0.021030
0.008000,0.002750,0.000000,-0.236081,-0.276109,0.012462
0.008000,0.003000,0.000000,-0.230109,-0.288779,0.003544
0.008000,0.003250,0.000000,-0.219116,-0.297001,-0.005373
0.008000,0.003500,0.000000,-0.203978,-0.300963,-0.013952
0.008000,0.003750,0.000000,-0.185714,-0.301081,-0.021897
0.008000,0.004000,0.000000,-0.165414,-0.297971,-0.028979
0.008000,0.004250,0.000000,-0.144139,-0.292386,-0.035048
0.008000,0.004500,0.000000,-0.122817,-0.285115,-0.040028
0.008000,0.004750,0.000000,-0.102149,-0.276873,-0.043901
0.008000,0.005000,0.000000,-0.082557,-0.268194,-0.046692
0.008000,0.005250,0.000000,-0.064185,-0.259380,-0.048442
0.008000,0.005500,0.000000,-0.046961,-0.250496,-0.049200
0.008000,0.005750,0.000000,-0.030677,-0.241419,-0.049011
0.008000,0.006000,0.000000,-0.015066,-0.231913,-0.047916
0.008000,0.006250,0.000000,0.000134,-0.221688,-0.045959
0.008000,0.006500,0.000000,0.015156,-0.210457,-0.043192
0.008000,0.006750,0.000000,0.030198,-0.197968,-0.039682
0.008000,0.007000,0.000000,0.045436,-0.184022,-0.035520
0.008000,0.007250,0.000000,0.061048,-0.168491,-0.030817
0.008000,0.007500,0.000000,0.077261,-0.151337,-0.025715
0.008000,0.007750,0.000000,0.094434,-0.132635,-0.020378
0.008000,0.008000,0.000000,0.113207,-0.112613,-0.014983
0.008000,0.008250,0.000000,0.134809,-0.091719,-0.009703
0.008000,0.008500,0.000000,0.161662,-0.070708,-0.004672
0.008000,0.008750,0.000000,0.198605,-0.050718,0.000059
0.008000,0.009000,0.000000,0.255198,-0.033239,0.004566
0.008000,0.009250,0.000000,0.349537,-0.019778,0.009044
0.008000,0.009500,0.000000,0.512569,-0.010963,0.013619
0.008000,0.009750,0.000000,0.786996,-0.005352,0.017754
0.008000,0.010000,0.000000,1.460408,0.000000,0.019576
0.008250,0.000000,0.000000,0.000000,0.000000,0.055961
0.008250,0.000250,0.000000,-0.004019,-0.010129,0.055604
0.008250,0.000500,0.000000,-0.022762,-0.027591,0.054792
0.008250,0.000750,0.000000,-0.050038,-0.051056,0.053729
0.008250,0.001000,0.000000,-0.081431,-0.079434,0.052306
0.008250,0.001250,0.000000,-0.113213,-0.111275,0.050374
0.008250,0.001500,0.000000,-0.142775,-0.144906,0.047729
0.008250,0.001750,0.000000,-0.168481,-0.178723,0.044166
0.008250,0.002000,0.000000,-0.189325,-0.211343,0.039538
0.008250,0.002250,0.000000,-0.204728,-0.241640,0.033804
0.008250,0.002500,0.000000,-0.214432,-0.268725,0.027032
0.008250,0.002750,0.000000,-0.218449,-0.291915,0.019399
0.008250,0.003000,0.000000,-0.217028,-0.310727,0.011165
0.008250,0.003250,0.000000,-0.210625,-0.324888,0.002642
0.008250,0.003500,0.000000,-0.199888,-0.334345,-0.005835
0.008250,0.003750,0.000000,-0.185615,-0.339272,-0.013945
0.008250,0.004000,0.000000,-0.168703,-0.340055,-0.021408
0.008250,0.004250,0.000000,-0.150085,-0.337264,-0.028003
0.008250,0.004500,0.000000,-0.130649,-0.331588,-0.033581
0.008250,0.004750,0.000000,-0.111161,-0.323758,-0.038058
0.008250,0.005000,0.000000,-0.092202,-0.314443,-0.041404
0.008250,0.005250,0.000000,-0.074135,-0.304174,-0.043628
0.008250,0.005500,0.000000,-0.057110,-0.293292,-0.044762
0.008250,0.005750,0.000000,-0.041103,-0.281940,-0.044847
0.008250,0.006000,0.000000,-0.025974,-0.270098,-0.043932
0.008250,0.006250,0.000000,-0.011518,-0.257628,-0.042066
0.008250,0.006500,0.000000,0.002488,-0.244329,-0.039308
0.008250,0.006750,0.000000,0.016270,-0.229986,-0.035727
0.008250,0.007000,0.000000,0.030060,-0.214402,-0.031413
0.008250,0.007250,0.000000,0.044114,-0.197426,-0.026470
0.008250,0.007500,0.000000,0.058760,-0.178980,-0.021023
0.008250,0.007750,0.000000,0.074493,-0.159093,-0.015214
0.008250,0.008000,0.000000,0.092144,-0.137938,-0.009183
0.008250,0.008250,0.000000,0.113199,-0.115887,-0.003056
0.008250,0.008500,0.000000,0.140415,-0.093583,0.003095
0.008250,0.008750,0.000000,0.178971,-0.071992,0.009294
0.008250,0.009000,0.000000,0.238576,-0.052343,0.015695
0.008250,0.009250,0.000000,0.336861,-0.035782,0.022529
0.008250,0.009500,0.000000,0.503351,-0.022562,0.029800
0.008250,0.009750,0.000000,0.779261,-0.011206,0.036397
0.008250,0.010000,0.000000,1.460408,0.000000,0.039278
0.008500,0.000000,0.000000,0.000000,0.000000,0.054383
0.008500,0.000250,0.000000,0.007487,-0.005940,0.054094
0.008500,0.000500,0.000000,-0.004674,-0.017843,0.053411
0.008500,0.000750,0.000000,-0.025889,-0.035938,0.052523
0.008500,0.001000,0.000000,-0.052115,-0.060233,0.051428
0.008500,0.001250,0.000000,-0.080199,-0.090036,0.050050
0.008500,0.001500,0.000000,-0.107821,-0.123935,0.048212
0.008500,0.001750,0.000000,-0.133279,-0.160131,0.045683
0.008500,0.002000,0.000000,-0.155323,-0.196824,0.042257
0.008500,0.002250,0.000000,-0.173092,-0.232468,0.037804
0.008500,0.002500,0.000000,-0.186079,-0.265833,0.032299
0.008500,0.002750,0.000000,-0.194080,-0.295963,0.025822
0.008500,0.003000,0.000000,-0.197136,-0.322130,0.018548
0.008500,0.003250,0.000000,-0.195497,-0.343817,0.010727
0.008500,0.003500,0.000000,-0.189593,-0.360714,0.002657
0.008500,0.003750,0.000000,-0.180004,-0.372725,-0.005347
0.008500,0.004000,0.000000,-0.167422,-0.379962,-0.012979
0.008500,0.004250,0.000000,-0.152606,-0.382732,-0.019968
0.008500,0.004500,0.000000,-0.136323,-0.381507,-0.026096
0.008500,0.004750,0.000000,-0.119295,-0.376869,-0.031206
0.008500,0.005000,0.000000,-0.102141,-0.369449,-0.035203
0.008500,0.005250,0.000000,-0.085336,-0.359845,-0.038040
0.008500,0.005500,0.000000,-0.069195,-0.348566,-0.039710
0.008500,0.005750,0.000000,-0.053870,-0.335986,-0.040234
0.008500,0.006000,0.000000,-0.039379,-0.322336,-0.039650
0.008500,0.006250,0.000000,-0.025635,-0.307714,-0.038008
0.008500,0.006500,0.000000,-0.012486,-0.292122,-0.035366
0.008500,0.006750,0.000000,0.000271,-0.275497,-0.031797
0.008500,0.007000,0.000000,0.012875,-0.257755,-0.027381
0.008500,0.007250,0.000000,0.025625,-0.238820,-0.022214
0.008500,0.007500,0.000000,0.038929,-0.218653,-0.016396
0.008500,0.007750,0.000000,0.053391,-0.197280,-0.010026
0.008500,0.008000,0.000000,0.070000,-0.174830,-0.003183
0.008500,0.008250,0.000000,0.090454,-0.151566,0.004100
0.008500,0.008500,0.000000,0.117767,-0.127924,0.011875
0.008500,0.008750,0.000000,0.157365,-0.104524,0.020323
0.008500,0.009000,0.000000,0.218988,-0.082081,0.029767
0.008500,0.009250,0.000000,0.319756,-0.061073,0.040535
0.008500,0.009500,0.000000,0.487993,-0.041104,0.052414
0.008500,0.009750,0.000000,0.764434,-0.020635,0.063254
0.008500,0.010000,0.000000,1.460408,0.000000,0.067966
0.008750,0.000000,0.000000,0.000000,0.000000,0.052846
0.008750,0.000250,0.000000,0.013824,-0.001895,0.052631
0.008750,0.000500,0.000000,0.007236,-0.007875,0.052072
0.008750,0.000750,0.000000,-0.007648,-0.019316,0.051300
0.008750,0.001000,0.000000,-0.027334,-0.037131,0.050397
0.008750,0.001250,0.000000,-0.049511,-0.061633,0.049362
0.008750,0.001500,0.000000,-0.072680,-0.092351,0.048077
0.008750,0.001750,0.000000,-0.095593,-0.127977,0.046337
0.008750,0.002000,0.000000,-0.116989,-0.166629,0.043918
0.008750,0.002250,0.000000,-0.135718,-0.206339,0.040637
0.008750,0.002500,0.000000,-0.150937,-0.245411,0.036392
0.008750,0.002750,0.000000,-0.162153,-0.282508,0.031171
0.008750,0.003000,0.000000,-0.169174,-0.316600,0.025057
0.008750,0.003250,0.000000,-0.172041,-0.346900,0.018214
0.008750,0.003500,0.000000,-0.170980,-0.372834,0.010875
0.008750,0.003750,0.000000,-0.166367,-0.394025,0.003316
0.008750,0.004000,0.000000,-0.158697,-0.410294,-0.004166
0.008750,0.004250,0.000000,-0.148541,-0.421653,-0.011280
0.008750,0.004500,0.000000,-0.136512,-0.428289,-0.017764
0.008750,0.004750,0.000000,-0.123219,-0.430533,-0.023400
0.008750,0.005000,0.000000,-0.109226,-0.428823,-0.028024
0.008750,0.005250,0.000000,-0.095018,-0.423649,-0.031523
0.008750,0.005500,0.000000,-0.080969,-0.415499,-0.033836
0.008750,0.005750,0.000000,-0.067333,-0.404819,-0.034939
0.008750,0.006000,0.000000,-0.054245,-0.391978,-0.034840
0.008750,0.006250,0.000000,-0.041732,-0.377254,-0.033570
0.008750,0.006500,0.000000,-0.029730,-0.360846,-0.031178
0.008750,0.006750,0.000000,-0.018096,-0.342885,-0.027725
0.008750,0.007000,0.000000,-0.006616,-0.323462,-0.023282
0.008750,0.007250,0.000000,0.005011,-0.302655,-0.017919
0.008750,0.007500,0.000000,0.017220,-0.280555,-0.011701
0.008750,0.007750,0.000000,0.030671,-0.257283,-0.004660
0.008750,0.008000,0.000000,0.046430,-0.233001,0.003226
0.008750,0.008250,0.000000,0.066293,-0.207909,0.012080
0.008750,0.008500,0.000000,0.093373,-0.182220,0.022180
0.008750,0.008750,0.000000,0.133128,-0.156084,0.034007
0.008750,0.009000,0.000000,0.195125,-0.129428,0.048224
0.008750,0.009250,0.000000,0.295884,-0.101631,0.065385
0.008750,0.009500,0.000000,0.462913,-0.071150,0.084947
0.008750,0.009750,0.000000,0.738157,-0.036107,0.103001
0.008750,0.010000,0.000000,1.460408,0.000000,0.110857
0.009000,0.000000,0.000000,0.000000,0.000000,0.051575
0.009000,0.000250,0.000000,0.015362,0.001368,0.051433
0.009000,0.000500,0.000000,0.012748,0.000632,0.050994
0.009000,0.000750,0.000000,0.003367,-0.004255,0.050308
0.009000,0.001000,0.000000,-0.009798,-0.014615,0.049491
0.009000,0.001250,0.000000,-0.024979,-0.031333,0.048599
0.009000,0.001500,0.000000,-0.041476,-0.054892,0.047584
0.009000,0.001750,0.000000,-0.059001,-0.085157,0.046301
0.009000,0.002000,0.000000,-0.076961,-0.121143,0.044558
0.009000,0.002250,0.000000,-0.094310,-0.161136,0.042166
0.009000,0.002500,0.000000,-0.109910,-0.203159,0.038982
0.009000,0.002750,0.000000,-0.122891,-0.245412,0.034929
0.009000,0.003000,0.000000,-0.132744,-0.286441,0.030005
0.009000,0.003250,0.000000,-0.139264,-0.325109,0.024286
0.009000,0.003500,0.000000,-0.142469,-0.360537,0.017922
0.009000,0.003750,0.000000,-0.142544,-0.392056,0.011122
0.009000,0.004000,0.000000,-0.139794,-0.419188,0.004143
0.009000,0.004250,0.000000,-0.134611,-0.441641,-0.002739
0.009000,0.004500,0.000000,-0.127443,-0.459297,-0.009253
0.009000,0.004750,0.000000,-0.118760,-0.472192,-0.015147
0.009000,0.005000,0.000000,-0.109025,-0.480495,-0.020205
0.009000,0.005250,0.000000,-0.098661,-0.484468,-0.024258
0.009000,0.005500,0.000000,-0.088025,-0.484429,-0.027180
0.009000,0.005750,0.000000,-0.077392,-0.480718,-0.028893
0.009000,0.006000,0.000000,-0.066943,-0.473663,-0.029354
0.009000,0.006250,0.000000,-0.056766,-0.463560,-0.028558
0.009000,0.006500,0.000000,-0.046855,-0.450661,-0.026520
0.009000,0.006750,0.000000,-0.037114,-0.435176,-0.023275
0.009000,0.007000,0.000000,-0.027355,-0.417285,-0.018863
0.009000,0.007250,0.000000,-0.017281,-0.397147,-0.013316
0.009000,0.007500,0.000000,-0.006443,-0.374927,-0.006636
0.009000,0.007750,0.000000,0.005837,-0.350800,0.001239
0.009000,0.008000,0.000000,0.020626,-0.324954,0.010486
0.009000,0.008250,0.000000,0.039672,-0.297553,0.021472
0.009000,0.008500,0.000000,0.065943,-0.268637,0.034846
0.009000,0.008750,0.000000,0.104574,-0.237925,0.051609
0.009000,0.009000,0.000000,0.164535,-0.204477,0.073061
0.009000,0.009250,0.000000,0.261477,-0.166249,0.100263
0.009000,0.009500,0.000000,0.422469,-0.119843,0.132311
0.009000,0.009750,0.000000,0.693284,-0.062027,0.162566
0.009000,0.010000,0.000000,1.460408,0.000000,0.175900
0.009250,0.000000,0.000000,0.000000,0.000000,0.050671
0.009250,0.000250,0.000000,0.013192,0.003502,0.050590
0.009250,0.000500,0.000000,0.012859,0.006595,0.050257
0.009250,0.000750,0.000000,0.007599,0.006940,0.049641
0.009250,0.001000,0.000000,-0.000255,0.003143,0.048853
0.009250,0.001250,0.000000,-0.009233,-0.005670,0.047972
0.009250,0.001500,0.000000,-0.018857,-0.020175,0.046996
0.009250,0.001750,0.000000,-0.029342,-0.040950,0.045847
0.009250,0.002000,0.000000,-0.041009,-0.068245,0.044397
0.009250,0.002250,0.000000,-0.053703,-0.101669,0.042498
0.009250,0.002500,0.000000,-0.066662,-0.140105,0.040012
0.009250,0.002750,0.000000,-0.078871,-0.181958,0.036831
0.009250,0.003000,0.000000,-0.089476,-0.225523,0.032899
0.009250,0.003250,0.000000,-0.097944,-0.269266,0.028221
0.009250,0.003500,0.000000,-0.104033,-0.311917,0.022869
0.009250,0.003750,0.000000,-0.107716,-0.352453,0.016982
0.009250,0.004000,0.000000,-0.109111,-0.390066,0.010753
0.009250,0.004250,0.000000,-0.108432,-0.424147,0.004419
0.009250,0.004500,0.000000,-0.105961,-0.454269,-0.001771
0.009250,0.004750,0.000000,-0.102020,-0.480171,-0.007565
0.009250,0.005000,0.000000,-0.096951,-0.501729,-0.012730
0.009250,0.005250,0.000000,-0.091084,-0.518938,-0.017060
0.009250,0.005500,0.000000,-0.084718,-0.531875,-0.020380
0.009250,0.005750,0.000000,-0.078099,-0.540676,-0.022559
0.009250,0.006000,0.000000,-0.071403,-0.545504,-0.023500
0.009250,0.006250,0.000000,-0.064735,-0.546530,-0.023142
0.009250,0.006500,0.000000,-0.058113,-0.543909,-0.021455
0.009250,0.006750,0.000000,-0.051472,-0.537769,-0.018421
0.009250,0.007000,0.000000,-0.044646,-0.528208,-0.014026
0.009250,0.007250,0.000000,-0.037347,-0.515282,-0.008237
0.009250,0.007500,0.000000,-0.029127,-0.499014,-0.000960
0.009250,0.007750,0.000000,-0.019301,-0.479380,0.008004
0.009250,0.008000,0.000000,-0.006817,-0.456296,0.019052
0.009250,0.008250,0.000000,0.009976,-0.429568,0.032893
0.009250,0.008500,0.000000,0.033744,-0.398771,0.050715
0.009250,0.008750,0.000000,0.068967,-0.363006,0.074338
0.009250,0.009000,0.000000,0.123449,-0.320433,0.106181
0.009250,0.009250,0.000000,0.211250,-0.267570,0.148466
0.009250,0.009500,0.000000,0.358691,-0.198655,0.200334
0.009250,0.009750,0.000000,0.618314,-0.107024,0.251370
0.009250,0.010000,0.000000,1.460408,0.000000,0.274513
0.009500,0.000000,0.000000,0.000000,0.000000,0.050144
0.009500,0.000250,0.000000,0.008767,0.004358,0.050103
0.009500,0.000500,0.000000,0.009309,0.009464,0.049844
0.009500,0.000750,0.000000,0.006818,0.013016,0.049275
0.009500,0.001000,0.000000,0.002811,0.013684,0.048487
0.009500,0.001250,0.000000,-0.001661,0.010812,0.047554
0.009500,0.001500,0.000000,-0.006197,0.004042,0.046497
0.009500,0.001750,0.000000,-0.010931,-0.007012,0.045279
0.009500,0.002000,0.000000,-0.016242,-0.022882,0.043823
0.009500,0.002250,0.000000,-0.022451,-0.044098,0.042034
0.009500,0.002500,0.000000,-0.029621,-0.070867,0.039810
0.009500,0.002750,0.000000,-0.037473,-0.102870,0.037064
0.009500,0.003000,0.000000,-0.045435,-0.139319,0.033726
0.009500,0.003250,0.000000,-0.052869,-0.179121,0.029765
0.009500,0.003500,0.000000,-0.059282,-0.221027,0.025194
0.009500,0.003750,0.000000,-0.064395,-0.263786,0.020094
0.009500,0.004000,0.000000,-0.068100,-0.306274,0.014610
0.009500,0.004250,0.000000,-0.070408,-0.347561,0.008929
0.009500,0.004500,0.000000,-0.071419,-0.386917,0.003264
0.009500,0.004750,0.000000,-0.071300,-0.423792,-0.002161
0.009500,0.005000,0.000000,-0.070257,-0.457791,-0.007121
0.009500,0.005250,0.000000,-0.068515,-0.488645,-0.011402
0.009500,0.005500,0.000000,-0.066287,-0.516195,-0.014808
0.009500,0.005750,0.000000,-0.063763,-0.540363,-0.017171
0.009500,0.006000,0.000000,-0.061089,-0.561127,-0.018352
0.009500,0.006250,0.000000,-0.058362,-0.578496,-0.018241
0.009500,0.006500,0.000000,-0.055615,-0.592488,-0.016751
0.009500,0.006750,0.000000,-0.052815,-0.603095,-0.013807
0.009500,0.007000,0.000000,-0.049842,-0.610269,-0.009323
0.009500,0.007250,0.000000,-0.046474,-0.613885,-0.003173
0.009500,0.007500,0.000000,-0.042345,-0.613713,0.004862
0.009500,0.007750,0.000000,-0.036881,-0.609366,0.015169
0.009500,0.008000,0.000000,-0.029187,-0.600230,0.028427
0.009500,0.008250,0.000000,-0.017853,-0.585345,0.045792
0.009500,0.008500,0.000000,-0.000619,-0.563213,0.069165
0.009500,0.008750,0.000000,0.026236,-0.531472,0.101516
0.009500,0.009000,0.000000,0.069099,-0.486310,0.147070
0.009500,0.009250,0.000000,0.139699,-0.421512,0.210576
0.009500,0.009500,0.000000,0.261923,-0.327103,0.293179
0.009500,0.009750,0.000000,0.494629,-0.188840,0.379954
0.009500,0.010000,0.000000,1.460408,0.000000,0.420948
0.009750,0.000000,0.000000,0.000000,0.000000,0.049967
0.009750,0.000250,0.000000,0.003728,0.003765,0.049942
0.009750,0.000500,0.000000,0.004201,0.008767,0.049714
0.009750,0.000750,0.000000,0.003380,0.013075,0.049157
0.009750,0.001000,0.000000,0.001948,0.015586,0.048338
0.009750,0.001250,0.000000,0.000409,0.015886,0.047328
0.009750,0.001500,0.000000,-0.001032,0.013925,0.046158
0.009750,0.001750,0.000000,-0.002419,0.009689,0.044807
0.009750,0.002000,0.000000,-0.003923,0.002994,0.043221
0.009750,0.002250,0.000000,-0.005718,-0.006552,0.041327
0.009750,0.002500,0.000000,-0.007890,-0.019456,0.039057
0.009750,0.002750,0.000000,-0.010418,-0.036173,0.036349
0.009750,0.003000,0.000000,-0.013225,-0.056929,0.033152
0.009750,0.003250,0.000000,-0.016237,-0.081609,0.029433
0.009750,0.003500,0.000000,-0.019368,-0.109798,0.025196
0.009750,0.003750,0.000000,-0.022469,-0.140891,0.020503
0.009750,0.004000,0.000000,-0.025336,-0.174193,0.015472
0.009750,0.004250,0.000000,-0.027789,-0.208991,0.010256
0.009750,0.004500,0.000000,-0.029729,-0.244602,0.005033
0.009750,0.004750,0.000000,-0.031146,-0.280411,-0.000007
0.009750,0.005000,0.000000,-0.032098,-0.315902,-0.004659
0.009750,0.005250,0.000000,-0.032680,-0.350668,-0.008720
0.009750,0.005500,0.000000,-0.033001,-0.384416,-0.011991
0.009750,0.005750,0.000000,-0.033168,-0.416955,-0.014291
0.009750,0.006000,0.000000,-0.033270,-0.448179,-0.015457
0.009750,0.006250,0.000000,-0.033373,-0.478044,-0.015351
0.009750,0.006500,0.000000,-0.033515,-0.506541,-0.013850
0.009750,0.006750,0.000000,-0.033691,-0.533660,-0.010829
0.009750,0.007000,0.000000,-0.033856,-0.559356,-0.006146
0.009750,0.007250,0.000000,-0.033903,-0.583502,0.000410
0.009750,0.007500,0.000000,-0.033646,-0.605830,0.009173
0.009750,0.007750,0.000000,-0.032784,-0.625847,0.020706
0.009750,0.008000,0.000000,-0.030838,-0.642711,0.035967
0.009750,0.008250,0.000000,-0.027041,-0.655034,0.056561
0.009750,0.008500,0.000000,-0.020129,-0.660564,0.085144
0.009750,0.008750,0.000000,-0.007936,-0.655653,0.126016
0.009750,0.009000,0.000000,0.013490,-0.634328,0.185855
0.009750,0.009250,0.000000,0.052043,-0.586553,0.274076
0.009750,0.009500,0.000000,0.126019,-0.494629,0.399730
0.009750,0.009750,0.000000,0.291212,-0.324631,0.547484
0.009750,0.010000,0.000000,1.460408,0.000000,0.622136
0.010000,0.000000,0.000000,0.000000,0.000000,0.049960
0.010000,0.000250,0.000000,0.000000,0.000000,0.049939
0.010000,0.000500,0.000000,0.000000,0.000000,0.049717
0.010000,0.000750,0.000000,0.000000,0.000000,0.049154
0.010000,0.001000,0.000000,0.000000,0.000000,0.048311
0.010000,0.001250,0.000000,0.000000,0.000000,0.047259
0.010000,0.001500,0.000000,0.000000,0.000000,0.046030
0.010000,0.001750,0.000000,0.000000,0.000000,0.044611
0.010000,0.002000,0.000000,0.000000,0.000000,0.042952
0.010000,0.002250,0.000000,0.000000,0.000000,0.040984
0.010000,0.002500,0.000000,0.000000,0.000000,0.038645
0.010000,0.002750,0.000000,0.000000,0.000000,0.035879
0.010000,0.003000,0.000000,0.000000,0.000000,0.032644
0.010000,0.003250,0.000000,0.000000,0.000000,0.028918
0.010000,0.003500,0.000000,0.000000,0.000000,0.024716
0.010000,0.003750,0.000000,0.000000,0.000000,0.020106
0.010000,0.004000,0.000000,0.000000,0.000000,0.015197
0.010000,0.004250,0.000000,0.000000,0.000000,0.010131
0.010000,0.004500,0.000000,0.000000,0.000000,0.005068
0.010000,0.004750,0.000000,0.000000,0.000000,0.000186
0.010000,0.005000,0.000000,0.000000,0.000000,-0.004324
0.010000,0.005250,0.000000,0.000000,0.000000,-0.008264
0.010000,0.005500,0.000000,0.000000,0.000000,-0.011439
0.010000,0.005750,0.000000,0.000000,0.000000,-0.013663
0.010000,0.006000,0.000000,0.000000,0.000000,-0.014771
0.010000,0.006250,0.000000,0.000000,0.000000,-0.014614
0.010000,0.006500,0.000000,0.000000,0.000000,-0.013057
0.010000,0.006750,0.000000,0.000000,0.000000,-0.009961
0.010000,0.007000,0.000000,0.000000,0.000000,-0.005159
0.010000,0.007250,0.000000,0.000000,0.000000,0.001590
0.010000,0.007500,0.000000,0.000000,0.000000,0.010665
0.010000,0.007750,0.000000,0.000000,0.000000,0.022706
0.010000,0.008000,0.000000,0.000000,0.000000,0.038785
0.010000,0.008250,0.000000,0.000000,0.000000,0.060710
0.010000,0.008500,0.000000,0.000000,0.000000,0.091494
0.010000,0.008750,0.000000,0.000000,0.000000,0.136105
0.010000,0.009000,0.000000,0.000000,0.000000,0.202579
0.010000,0.009250,0.000000,0.000000,0.000000,0.303276
0.010000,0.009500,0.000000,0.000000,0.000000,0.453367
0.010000,0.009750,0.000000,0.000000,0.000000,0.639475
0.010000,0.010000,0.000000,1.460408,0.000000,0.736251